name,sequence,times
pSRTN-05​,ctctcgggacgac AGGGGCAGATATAGTCTAGGGTTTGGTGTGGGTAGT gtcgtccc​,4
pSRTN-03,ctctcgggacgac CAGTAGGGGATCCACAGTGAGGGGTTTGTATGGGTG gtcgtccc​,3
pSRTN-12​,ctctcgggacgac TGGTAGGCAACAGGGGAAGGGAGTTCTGCGTACGTGG gtcgtccc​,3
pSRTN-07​,ctctcgggacgac TGGTAGGCGTCAGGGGAAGGGAGTTCTGCGTACGTGG gtcgtccc​,2
pSRTN-15​,ctctcgggacgac GGAGGTGGTGTCTTGGACAGTGGTATTCGCAGTTGC gtcgtccc​,2
pSRTN-04​,ctctcgggacgac GGCCTGACAGTGCTTACTTGGTTCAGGGGTTAGGGG gtcgtccc​,1
pSRTN-14​,ctctcgggacgac AGGGGGTAGGTTTGGGTGCTTAGGCATGTGGGTA   gtcgtccc​,1
pSRTN-16​,ctctcgggacgac TGGTAGGCGCCAGGGGAAGGGAGTTCTGCGTACGTGG gtcgtccc​,1
pSRTN-19​,ctctcgggacgac TGGTAGGCTTCAGGGGAAGGGGCTTGGTGCCTCGTGG gtcgtccc​,1
pSRTN-21​,ctctcgggacgac AGAGACGGGGTGCTTACTTGGTTCAGGGGAGTCGAC gtcgtccc​,1
pSRTN-24,ctctcgggacgac GTGATGACCCTGTTTCTTAAACTCGGAATGCTGAAT gtcgtccc​,1
