index,Sequence,Count,File
0,ACGACCACCTAGGTATTCATGACCGTCTAGAGCTTTCATTGGTCGT,67049,N58 after 16th
1,ACGACGGGGCACATTGTGCTGTCCATCTGTTCCGCAGGAGAGTCGT,28432,N58 after 16th
2,ACGACGGGGCACATTGTGCTATTCAGTTGTTCCGCAGGAGAGTCGT,8503,N58 after 16th
3,ACGACGGGGCACATTGTGCTGTTCACCTGTTCCGCAGGAGAGTCGT,2530,N58 after 16th
4,ACGACGGGGCACATTGTGCTGTTCATCTGTTCCGCAGGAGAGTCGT,556,N58 after 16th
5,ACGACGGGGCACATTGTGCTGTACATCTGTTCCGCAGGAGAGTCGT,517,N58 after 16th
6,ACGACCACCTAGGTATTCATGACCGTCTAGAGCTTTCATTGGTCGTCCAGTCGT,329,N58 after 16th
7,ACGACGGGGCACATTGTGCTGTCCACCTGTTCCGCAGGAGAGTCGT,282,N58 after 16th
8,ACGACGGGGCACATTGTGCTATTCAGTTGTTCCGCAGGAGAGTCGTCCCGCCTAGCTATTCAGTTGTTCCGCAGGAGAGTCGT,234,N58 after 16th
9,ACGACCTCTGGACGACCACCTAGGTATTCATGACCGTCTAGAGCTTTCATTGGTCGT,231,N58 after 16th
10,ACGACCACCTAGGTATTCATGACCGTCTAGAGCTTTCATTGGTCGTCACGTCGT,212,N58 after 16th
11,ACGACCACCTAGGTATTCATGACCGTCTAGAGCCTTCATTGGTCGT,168,N58 after 16th
12,ACGACGGGGCACATTGTGCTGTCCATCTGTTCCGCAGGAGAGTCGTCCAGTCGT,163,N58 after 16th
13,ACGACCACCTAGGTATTCATGACCGTCTAGAGCTTTCATTGGTAGTCGT,158,N58 after 16th
15,ACGACTACCACCTAGGTATTCATGACCGTCTAGAGCTTTCATTGGTCGT,153,N58 after 16th
16,ACGACCACCTAGGTATTCATTACCGTCTAGAGCTTTCATTGGTCGT,151,N58 after 16th
17,ACGACCACCTAGGTATTCATGACCGTCTAGAGCTTTCATTTGTCGT,128,N58 after 16th
18,ACGACCTAGGGACGACCACCTAGGTATTCATGACCGTCTAGAGCTTTCATTGGTCGT,124,N58 after 16th
19,ACGACCACCTAGGTATTAATGACCGTCTAGAGCTTTCATTGGTCGT,118,N58 after 16th
20,ACGACGTGGCACATTGTGCTGTCCATCTGTTCCGCAGGAGAGTCGT,114,N58 after 16th
21,ACGACAACCTAGGTATTCATGACCGTCTAGAGCTTTCATTGGTCGT,114,N58 after 16th
23,ACGACTGGGCACATTGTGCTGTCCATCTGTTCCGCAGGAGAGTCGT,109,N58 after 16th
24,ACGACCACCTAGGTATTCATGACAGTCTAGAGCTTTCATTGGTCGT,107,N58 after 16th
25,ACGACCTCGTGACGACCACCTAGGTATTCATGACCGTCTAGAGCTTTCATTGGTCGT,105,N58 after 16th
26,ACGACCTCTGGACGACGGGGCACATTGTGCTGTCCATCTGTTCCGCAGGAGAGTCGT,104,N58 after 16th
27,ACGACCACCTATGTATTCATGACCGTCTAGAGCTTTCATTGGTCGT,93,N58 after 16th
28,ACGACCTCGGACGACCACCTAGGTATTCATGACCGTCTAGAGCTTTCATTGGTCGT,88,N58 after 16th
29,ACGACCACCTAGGTATTCATGACCGTCTAGAGCTTTCATTGGTCGTCCGTCGT,83,N58 after 16th
31,ACGACCACATAGGTATTCATGACCGTCTAGAGCTTTCATTGGTCGT,79,N58 after 16th
32,ACGACGGGGCACATTGTGCTGTCCATCTGTTCCGCAGGAGAGTAGTCGT,77,N58 after 16th
33,ACGACGGGGCACATTGTGCTGTCCATCTGTTCCGCAGGAGAGTCGTCACGTCGT,76,N58 after 16th
34,ACGACCACCTAGGTATTCATGACCGTCTATAGCTTTCATTGGTCGT,73,N58 after 16th
35,ACGACATCGGGACGACCACCTAGGTATTCATGACCGTCTAGAGCTTTCATTGGTCGT,72,N58 after 16th
36,ACGACGGGGCACATTGTGCTGTTCATCTGTTCCACAGGAGAGTCGT,66,N58 after 16th
37,ACGACCTCGTGACGACGGGGCACATTGTGCTGTCCATCTGTTCCGCAGGAGAGTCGT,59,N58 after 16th
38,ACGACGGGGCACACTGTGCTGTCCATCTGTTCCGCAGGAGAGTCGT,58,N58 after 16th
40,ACGACCACCTAGGTATTCATGACCGTCTAGAGCTTTCATTGGTCGTACCGTCGT,57,N58 after 16th
41,ACGACTCGGGACGACCACCTAGGTATTCATGACCGTCTAGAGCTTTCATTGGTCGT,53,N58 after 16th
42,ACGACCACCTAGGTATTCATGACCGTCTAGAGCTTTAATTGGTCGT,53,N58 after 16th
43,ACGACGGGGCACATTGTGCTGTTCACCTCTTCCGGAGGAGAGTCGT,53,N58 after 16th
45,ACGACGGGGCACATTGTGCTGTCAATCTGTTCCGCAGGAGAGTCGT,51,N58 after 16th
46,ACGACCTGGGACGACCACCTAGGTATTCATGACCGTCTAGAGCTTTCATTGGTCGT,48,N58 after 16th
47,ACGACGGGGCACATTGTGCTGTCCATCTGTTCAGCAGGAGAGTCGT,46,N58 after 16th
48,ACGACCTAGGGACGACGGGGCACATTGTGCTGTCCATCTGTTCCGCAGGAGAGTCGT,44,N58 after 16th
49,ACGACCCGGGACGACCACCTAGGTATTCATGACCGTCTAGAGCTTTCATTGGTCGT,43,N58 after 16th
50,ACGACTACGGGGCACATTGTGCTGTCCATCTGTTCCGCAGGAGAGTCGT,41,N58 after 16th
51,ACGACATCGGGACGACGGGGCACATTGTGCTGTCCATCTGTTCCGCAGGAGAGTCGT,41,N58 after 16th
52,ACGACCTCGGTACGACCACCTAGGTATTCATGACCGTCTAGAGCTTTCATTGGTCGT,40,N58 after 16th
53,ACGACGGGGCACATTGTGCTGTCCATCTGTTCCGCATGAGAGTCGT,40,N58 after 16th
54,ACGACGGGGCACATTGTGCTGTCCATCTGTTCCGCAGGATAGTCGT,40,N58 after 16th
55,ACGACGGGGCACATTGTGCTATTCAGTTGTTCCGCAGGAGAGTCGTCCAGTCGT,39,N58 after 16th
56,ACGACGTGGCACATTGTGCTATTCAGTTGTTCCGCAGGAGAGTCGT,39,N58 after 16th
57,ACGACGGGGCACATTGTGCTGTCCATCTGTTCCGCAGTAGAGTCGT,38,N58 after 16th
58,ACGACCTCGGACGACGGGGCACATTGTGCTGTCCATCTGTTCCGCAGGAGAGTCGT,36,N58 after 16th
59,ACGACCACCTAGGTATTTATGACCGTCTAGAGCTTTCATTGGTCGT,35,N58 after 16th
60,ACGACGGTGCACATTGTGCTGTCCATCTGTTCCGCAGGAGAGTCGT,34,N58 after 16th
61,ACGACCTCGGGGACGACCACCTAGGTATTCATGACCGTCTAGAGCTTTCATTGGTCGT,34,N58 after 16th
63,ACGACGGGGTACATTGTGCTGTTCATCTGTTCCGCAGGAGAGTCGT,33,N58 after 16th
64,ACGACGGGGCACATTGTGCTATTCAGTTGTTCCGCAGGAGAGTCGTCACGTCGT,31,N58 after 16th
65,ACGACGGGGCACATTGTGCTGTCCATCTGTTACGCAGGAGAGTCGT,30,N58 after 16th
66,ACGACGGGGCACATTATGCTGTTCATCTGTTCCGCAGGAGAGTCGT,30,N58 after 16th
68,ACGACTCGGGACGACGGGGCACATTGTGCTGTCCATCTGTTCCGCAGGAGAGTCGT,28,N58 after 16th
69,ACGACTGGGCACATTGTGCTATTCAGTTGTTCCGCAGGAGAGTCGT,26,N58 after 16th
70,ACGACGGGGCACATCGTGCTGTCCATCTGTTCCGCAGGAGAGTCGT,26,N58 after 16th
71,ACGACCACCTAGGTATTCATGACCGTCTAGAGCTTTCATTGGTCGTCGTCGT,26,N58 after 16th
72,ACGACGGGGCATATTGTGCTGTCCATCTGTTCCGCAGGAGAGTCGT,25,N58 after 16th
73,ACGACCTCTGGACGACGGGGCACATTGTGCTATTCAGTTGTTCCGCAGGAGAGTCGT,24,N58 after 16th
74,ACGACGGGGCACATTGTGCTGTCTATCTGTTCCGCAGGAGAGTCGT,23,N58 after 16th
76,ACGACCTGGGACGACGGGGCACATTGTGCTGTCCATCTGTTCCGCAGGAGAGTCGT,23,N58 after 16th
78,ACGACCACCTAGGTATTCATGACCGTATAGAGCTTTCATTGGTCGT,21,N58 after 16th
79,ACGACCTCGGTACGACGGGGCACATTGTGCTGTCCATCTGTTCCGCAGGAGAGTCGT,21,N58 after 16th
80,ACGACGGGGCAACATTGTGCTGTTCATCTGTTCCGCAGGAGAGTCGT,21,N58 after 16th
81,ACGACCATCTAGGTATTCATGACCGTCTAGAGCTTTCATTGGTCGT,20,N58 after 16th
83,ACGACCTTGGGACGACCACCTAGGTATTCATGACCGTCTAGAGCTTTCATTGGTCGT,20,N58 after 16th
84,ACGACGGGGCACATTGTGCTGTCCATATGTTCCGCAGGAGAGTCGT,19,N58 after 16th
85,ACGACCACCTAGGTATTCATGGCCGTCTAGAGCTTTCATTGGTCGT,19,N58 after 16th
86,ACGACCACCTAGGTATTCAGTTGTTCCGCAGGAGAGTCGT,19,N58 after 16th
87,ACGACGGGGCACATTGTGCTGTCCATCTGTTCCGCAGGAGAGTCGTCCGTCGT,19,N58 after 16th
88,ACGACGGGGCACGTTGTGCTGTCCATCTGTTCCGCAGGAGAGTCGT,19,N58 after 16th
89,ACGACCACCTAGGTATTCATGACCGTCTAGAGCTTTCATTGGTCAGTCGT,18,N58 after 16th
90,ACGACGGGGCACATTGTGCTGTCCATCTGTTCCGCAGGAGAGTCGTCCCGCCTAGCTATTCAGTTGTTCCGCAGGAGAGTCGT,17,N58 after 16th
91,ACGACCACCTAGGTATTCATGACCATCTAGAGCTTTCATTGGTCGT,17,N58 after 16th
92,ACGACCCGGGACGACGGGGCACATTGTGCTGTCCATCTGTTCCGCAGGAGAGTCGT,17,N58 after 16th
94,ACGACGGGGCACATTGTGCTGTTCAGTTGTTCCGCAGGAGAGTCGT,17,N58 after 16th
95,ACGACGGGGCACATTGTGCTATTCAGTTGTTCCGCAGGATAGTCGT,17,N58 after 16th
96,ACGACTACGGGGCACATTGTGCTATTCAGTTGTTCCGCAGGAGAGTCGT,16,N58 after 16th
98,ACGACGGGGCACATTGTGCTATTCAGTTGTTCAGCAGGAGAGTCGT,16,N58 after 16th
99,ACGACCACCTAGGTATTCATGACCGTCTAGAGTTTTCATTGGTCGT,16,N58 after 16th
100,ACGACGGGGCACACTGTGCTGTTCACCTGTTCCGCAGGAGAGTCGT,15,N58 after 16th
101,ACGACCGCCTAGGTATTCATGACCGTCTAGAGCTTTCATTGGTCGT,15,N58 after 16th
102,ACGACCACTTAGGTATTCATGACCGTCTAGAGCTTTCATTGGTCGT,15,N58 after 16th
103,ACGACGGGGCACATTGTGCTGTCCATCTGTTCCGCAGGAGAGTCGTCGTCGT,15,N58 after 16th
104,ACGACGGGGCACATTGTGCTATTCAGTTGTTCCGCAGGAGAGTAGTCGT,15,N58 after 16th
105,ACGACCTCAGGACGACCACCTAGGTATTCATGACCGTCTAGAGCTTTCATTGGTCGT,15,N58 after 16th
106,ACGACGGGGCACATTGTGCTATTCATTTGTTCCGCAGGAGAGTCGT,15,N58 after 16th
107,ACGACGGGGCACATTGTGCTGTCCATCTGTTCCGCAGGAGAGTCGTACCGTCGT,14,N58 after 16th
108,ACGACCACCTAGGTATTCATGACCGTCTAGAGCTTTCATTAGTCGT,14,N58 after 16th
109,ACGACCTCGTGACGACGGGGCACATTGTGCTATTCAGTTGTTCCGCAGGAGAGTCGT,14,N58 after 16th
110,ACGACCACCTAGGTATTCATGATCGTCTAGAGCTTTCATTGGTCGT,14,N58 after 16th
112,ACGACCACCTAGGTATTCATGACCGTCTAGAGCTCTCATTGGTCGT,14,N58 after 16th
114,ACGACGGGGCACATTGTGCTGTCCATCTGTTCCACAGGAGAGTCGT,14,N58 after 16th
115,ACGACCTCGGGGACGACGGGGCACATTGTGCTGTCCATCTGTTCCGCAGGAGAGTCGT,14,N58 after 16th
116,ACGACCACCTAGGTATTCATGACTGTCTAGAGCTTTCATTGGTCGT,14,N58 after 16th
117,ACGACTACCTAGGTATTCATGACCGTCTAGAGCTTTCATTGGTCGT,14,N58 after 16th
118,ACGACCTCGGAACGACCACCTAGGTATTCATGACCGTCTAGAGCTTTCATTGGTCGT,13,N58 after 16th
119,ACGACCACCTAGGTATTCATGACCGTCTAGAGATTTCATTGGTCGT,13,N58 after 16th
120,ACGACCACCTAGGCATTCATGACCGTCTAGAGCTTTCATTGGTCGT,13,N58 after 16th
121,ACGACCACCTAGGTATTCATGACCGTCTAGAGCTTTCATCGGTCGT,13,N58 after 16th
122,ACGACCTCGGGATGACCACCTAGGTATTCATGACCGTCTAGAGCTTTCATTGGTCGT,13,N58 after 16th
126,ACGACCTCGGACGACGGGGCACATTGTGCTATTCAGTTGTTCCGCAGGAGAGTCGT,12,N58 after 16th
127,ACGACCACCTAGGTATTCATGACCGTCTAGAGCTTTTATTGGTCGT,12,N58 after 16th
128,ACGACGTGGCACATTGTGCTGTTCACCTGTTCCGCAGGAGAGTCGT,12,N58 after 16th
129,ACGACGGGGCACATTGTGCTATTCAGTTGTTACGCAGGAGAGTCGT,12,N58 after 16th
130,ACGACCACCTAGGTACTCATGACCGTCTAGAGCTTTCATTGGTCGT,12,N58 after 16th
131,ACGACCACCTAGGTATTCATGACCGTCTAGAGCTTTCAGTTGTTCCGCAGGAGAGTCGT,11,N58 after 16th
132,ACGACTACGGGGCACATTGTGCTGTTCACCTGTTCCGCAGGAGAGTCGT,11,N58 after 16th
133,ACGACGGGGCACATTGTGCTATTCATCTGTTCCGCAGGAGAGTCGT,11,N58 after 16th
134,ACGACGGGGCACATTGTGCTGCCCATCTGTTCCGCAGGAGAGTCGT,11,N58 after 16th
135,ACGACCACCTAGGTATTCATGACCGTCTAGAGCTTCCATTGGTCGT,11,N58 after 16th
136,ACGACGGGGCACATTGTGCTATTCACCTGTTCCGCAGGAGAGTCGT,11,N58 after 16th
137,ACGACGGGACACATTGTGCTGTCCATCTGTTCCGCAGGAGAGTCGT,11,N58 after 16th
138,ACGACGGGGCACATTGTGCTGTTCACCTGTTCCGCAGGAGAGTAGTCGT,10,N58 after 16th
139,ACGACCACCTAGATATTCATGACCGTCTAGAGCTTTCATTGGTCGT,10,N58 after 16th
140,ACGACTTCGGGACGACCACCTAGGTATTCATGACCGTCTAGAGCTTTCATTGGTCGT,10,N58 after 16th
141,ACGACCTCTGGACGACGGGGCACATTGTGCTGTTCACCTGTTCCGCAGGAGAGTCGT,10,N58 after 16th
143,ACGACCACCTAGGTATTCATGACCGCCTAGAGCTTTCATTGGTCGT,9,N58 after 16th
144,ACGACCACCTAGGTATTCATGACCGTCTAGAGCTTTCATTGGTTGTCGT,9,N58 after 16th
145,ACGACCTCGAGACGACCACCTAGGTATTCATGACCGTCTAGAGCTTTCATTGGTCGT,9,N58 after 16th
147,ACGACCGGGACGACGGGGCACATTGTGCTGTCCATCTGTTCCGCAGGAGAGTCGT,9,N58 after 16th
148,ACGACGGGGCACATTGTGCTATTCAGTTGTTCCGCAGTAGAGTCGT,9,N58 after 16th
149,ACGACGGGGTACATTGTGCTGTCCATCTGTTCCGCAGGAGAGTCGT,9,N58 after 16th
151,ACGACCACCTAGGTATTCATGACCGTCTAGAGCTTTCATTGGTCGCGTCGT,9,N58 after 16th
153,ACGACCACCTAGGTATTCATAACCGTCTAGAGCTTTCATTGGTCGT,8,N58 after 16th
155,ACGACCACCTAGGTATTCATGACCGTCTAGAGCTTTCGTTGGTCGT,8,N58 after 16th
156,ACGACCACCTAGGTATTCATGACCGTCTAGAGCTTTCATTGGTCGAGTCGT,8,N58 after 16th
157,ACGACCACCTAGGTATTCATGACCGTCTAGATCTTTCATTGGTCGT,8,N58 after 16th
158,ACGACGGGGCACATTGTGCTATTCAGTTGTTCCGCATGAGAGTCGT,8,N58 after 16th
159,ACGACAACCACCTAGGTATTCATGACCGTCTAGAGCTTTCATTGGTCGT,8,N58 after 16th
160,ACGACGGGGAACATTGTGCTGTCCATCTGTTCCGCAGGAGAGTCGT,8,N58 after 16th
161,ACGACGGGGCACATTGTGCTATTCAGTTGTTCCGCAGGAGGGTCGT,8,N58 after 16th
162,ACGACCAATGAAAGCTCTAGACGGTCATGAATACCTAGGTGGTCGT,8,N58 after 16th
163,ACGACGGGGCATATTGTGCTGTTCACCTGTTCCGCAGGAGAGTCGT,8,N58 after 16th
164,ACGACGGGGCACATCGTGCTATTCAGTTGTTCCGCAGGAGAGTCGT,8,N58 after 16th
165,ACGACGGGGCAATTGTGCTGTTCATCTGTTCCGCAGGAGAGTCGT,8,N58 after 16th
166,ACGACGGGGCACATTATGCTGTCCATCTGTTCCGCAGGAGAGTCGT,8,N58 after 16th
167,ACGACGGGGCACGTTGTGCTGTTCACCTGTTCCGCAGGAGAGTCGT,7,N58 after 16th
169,ACGACCACCTAGGTATTCATGACCGTCTAGAGCTTTCATTGGTCGTCCTGTCGT,7,N58 after 16th
170,ACGACCACCTAGGTATTCATGACCGTCTGGAGCTTTCATTGGTCGT,7,N58 after 16th
171,ACGACGGGGCACATTGTGTTGTTCATCTGTTCCGCAGGAGAGTCGT,7,N58 after 16th
172,ACGACGGGGCGCATTGTGCTGTCCATCTGTTCCGCAGGAGAGTCGT,7,N58 after 16th
173,ACGACGGGGCACATTGTGCTGTTCACCTGTTCCGCAGGAGAGTCGTCCAGTCGT,7,N58 after 16th
174,ACGACGGGACACATTGTGCTATTCAGTTGTTCCGCAGGAGAGTCGT,7,N58 after 16th
176,ACGACCACCCAGGTATTCATGACCGTCTAGAGCTTTCATTGGTCGT,7,N58 after 16th
177,ACGACCTCAGGACGACGGGGCACATTGTGCTGTCCATCTGTTCCGCAGGAGAGTCGT,7,N58 after 16th
179,ACGACTGGGCACATTGTGCTGTTCACCTGTTCCGCAGGAGAGTCGT,7,N58 after 16th
181,ACGACCGGGACGACCACCTAGGTATTCATGACCGTCTAGAGCTTTCATTGGTCGT,7,N58 after 16th
184,ACGACCACCTAGGTATTCATGACCGTCTAAAGCTTTCATTGGTCGT,7,N58 after 16th
185,ACGACCACCTAGGTATTCATGACCGTCTAGAACTTTCATTGGTCGT,6,N58 after 16th
186,ACGACGGGGCACATTGTGCTGTCCATCTGTTCCGTAGGAGAGTCGT,6,N58 after 16th
188,ACGACGGGGCACATTGTGCTATTCAGTTGTTCCGCAGGAGAGTCGTACCGTCGT,6,N58 after 16th
189,ACGACGGGGCACATTGTGCTGTCCATCTGTTCCGCAGGAGGGTCGT,6,N58 after 16th
190,ACGACCTCGCGACGACCACCTAGGTATTCATGACCGTCTAGAGCTTTCATTGGTCGT,6,N58 after 16th
191,ACGACATCGGGACGACGGGGCACATTGTGCTGTTCACCTGTTCCGCAGGAGAGTCGT,6,N58 after 16th
192,ACGACCTAGGGACGACGGGGCACATTGTGCTGTTCACCTGTTCCGCAGGAGAGTCGT,6,N58 after 16th
194,ACGACGGGGCACATTGTGCTGTCCATCTGTTCTGCAGGAGAGTCGT,6,N58 after 16th
195,ACGACGGGGCACATTGTGCCGTCCATCTGTTCCGCAGGAGAGTCGT,6,N58 after 16th
196,ACGACCACCTAGGTATCCATGACCGTCTAGAGCTTTCATTGGTCGT,6,N58 after 16th
198,ACGACGGGGCACATTGTTCTGTCCATCTGTTCCGCAGGAGAGTCGT,6,N58 after 16th
200,ACGACCACCTAGGTATTCATGACCGTCCAGAGCTTTCATTGGTCGT,6,N58 after 16th
203,ACGACCTTGGGACGACGGGGCACATTGTGCTATTCAGTTGTTCCGCAGGAGAGTCGT,6,N58 after 16th
204,ACGACCACCTAGGTATTCATGACCGTCTAGAGCTTTCATTGGTCGTCTCGTCGT,6,N58 after 16th
205,ACGACCACCTAGGTATTCATGACCGTCTAGAGCTTTCACTGGTCGT,6,N58 after 16th
206,ACGACGGGGCACATTGCGCTGTCCATCTGTTCCGCAGGAGAGTCGT,6,N58 after 16th
207,ACGACCACCTAGGTATTCATGACCGTCTAGAGCTTTCATTGGTCGTTCCGTCGT,6,N58 after 16th
208,ACGACGGGGCACATTGTGATGTCCATCTGTTCCGCAGGAGAGTCGT,6,N58 after 16th
210,ACGACCTAGGGACGACCACCTAGGTATTCATGACCGTCTAGAGCTTTCATTGGTAGTCGT,5,N58 after 16th
211,ACGACCTAGGGACGACGGGGCACATTGTGCTATTCAGTTGTTCCGCAGGAGAGTCGT,5,N58 after 16th
212,ACGACCACCTGGGTATTCATGACCGTCTAGAGCTTTCATTGGTCGT,5,N58 after 16th
216,ACGACCACCTAGGTATTCGTGACCGTCTAGAGCTTTCATTGGTCGT,5,N58 after 16th
218,ACGACGGGGCACATTGTGCTGTTCACATGTTCCGCAGGAGAGTCGT,5,N58 after 16th
219,ACGACGGGGCACATTGTGCTGTCCATCTGTTCCGCAGGAGATTCGTCGT,5,N58 after 16th
220,ACGACGGGGCACATTGTGCTGTCCATCTGTTCCGCAGGAGAGTCAGTCGT,5,N58 after 16th
221,ACGACGGGGCCATTGTGCTGTTCATCTGTTCCGCAGGAGAGTCGT,5,N58 after 16th
223,ACGACGGGGCACATTGTGCTGTTCACCTGTTACGCAGGAGAGTCGT,5,N58 after 16th
225,ACGACGGGGCACATTGTGCTATTAAGTTGTTCCGCAGGAGAGTCGT,5,N58 after 16th
226,ACGACGGGGCACATTGTGCTGTTCATCTCTTCCGGAGGAGAGTCGT,5,N58 after 16th
227,ACGACCCCGGGACGACCACCTAGGTATTCATGACCGTCTAGAGCTTTCATTGGTCGT,5,N58 after 16th
228,ACGACGGGGCACATTGTGCTGTCCATCTGTTCCGCAGGAGAGCCGTCGT,5,N58 after 16th
229,ACGACCTTGGGACGACGGGGCACATTGTGCTGTCCATCTGTTCCGCAGGAGAGTCGT,5,N58 after 16th
230,ACGACGGGGCCACATTGTGCTGTTCATCTCTTCCGGAGGAGAGTCGT,5,N58 after 16th
232,ACGACGGGGCACATTGTGCTGTCCATCTGTTCCTCAGGAGAGTCGT,5,N58 after 16th
234,ACGACGGGGCACATTGTGCTGTCCATCTAGGTATTCATGACCGTCTAGAGCTTTCATTGGTCGT,5,N58 after 16th
235,ACGACGGGGCACATTGTGCTGTCCATCTGTTCCGCAGGAGAGTCGAGTCGT,5,N58 after 16th
236,ACGACGTGGCACATTGTGCTGTTCATCTGTTCCGCAGGAGAGTCGT,5,N58 after 16th
238,ACGACGGGGCACATTGTGCTATTCAGTTGTTCCGCAGGAGAGTCGTCCCGCCCAGCTATTCAGTTGTTCCGCAGGAGAGTCGT,5,N58 after 16th
239,ACGACCACCTAGGTATTCATGACCGTCTAGAGCTTTCATTGGTCTGTCGT,5,N58 after 16th
241,ACGACGGGGCACATTGTGCTGTGCATCTGTTCCGCAGGAGAGTCGT,5,N58 after 16th
242,ACGACCACCTAGGTGTTCATGACCGTCTAGAGCTTTCATTGGTCGT,5,N58 after 16th
243,ACGACCTCGGGGACGACGGGGCACATTGTGCTATTCAGTTGTTCCGCAGGAGAGTCGT,5,N58 after 16th
245,ACGACCACCTAGGTATTCACGACCGTCTAGAGCTTTCATTGGTCGT,4,N58 after 16th
248,ACGACCTCAGGACGACGGGGCACATTGTGCTGTTCACCTGTTCCGCAGGAGAGTCGT,4,N58 after 16th
249,ACGACGGGGCACATTGTGCTATTCAGTTGTTCCGCAGGAGAGTCGTCCGTCGT,4,N58 after 16th
250,ACGACGGGGCACATTGTGCTGTTCACCTAGGTATTCATGACCGTCTAGAGCTTTCATTGGTCGT,4,N58 after 16th
252,ACGACGGGGCACATTGTGCTATTCAGTTGTTCCGCAGGAGAGTCGTCGTCGT,4,N58 after 16th
256,ACGACGGGGCGCATTGTGCTGTTCATCTCTTCCGGAGGAGAGTCGT,4,N58 after 16th
257,ACGACGGGGCACATTGGGCTGTTCATCTGTTCCGCAGGAGAGTCGT,4,N58 after 16th
262,ACGACGGGGCACATTGTGCTGTCCATCTGTTCCGCAGGGGAGTCGT,4,N58 after 16th
264,ACGACCCTCGGGACGACCACCTAGGTATTCATGACCGTCTAGAGCTTTCATTGGTCGT,4,N58 after 16th
266,ACGACCTCGTGACGACCACCTATGTATTCATGACCGTCTAGAGCTTTCATTGGTCGT,4,N58 after 16th
267,ACGACGGGGCACATTGTGTTGTCCATCTGTTCCGCAGGAGAGTCGT,4,N58 after 16th
269,ACGACCACCTAGTTATTCATGACCGTCTAGAGCTTTCATTGGTCGT,4,N58 after 16th
271,ACGACCACCTAGGTATACATGACCGTCTAGAGCTTTCATTGGTCGT,4,N58 after 16th
272,ACGACATCGGGACGACGGGGCACATTGTGCTATTCAGTTGTTCCGCAGGAGAGTCGT,4,N58 after 16th
273,ACGACCACCTAGGTAGTCATGACCGTCTAGAGCTTTCATTGGTCGT,4,N58 after 16th
276,ACGACGGGGCACATTGTGCTGTCCATCTGCTCCGCAGGAGAGTCGT,4,N58 after 16th
279,ACGACGGGGCACATTGTGCTGTACACCTGTTCCGCAGGAGAGTCGT,4,N58 after 16th
280,ACGACCTCGGGGCGACCACCTAGGTATTCATGACCGTCTAGAGCTTTCATTGGTCGT,4,N58 after 16th
282,ACGACGGGGCACATTGTGCTGTCCATCTGTTCCGCAGGAGAGTCGTCTCGTCGT,4,N58 after 16th
284,ACGACGAGGCACATTGTGCTGTCCATCTGTTCCGCAGGAGAGTCGT,4,N58 after 16th
285,ACGACCACCTAGGTATTCATGACCTTCTAGAGCTTTCATTGGTCGT,4,N58 after 16th
286,ACGACGGGGCACATTTTGCTGTTCATCTGTTCCGCAGGAGAGTCGT,4,N58 after 16th
288,ACGACGGGGCACATTGTGCTGTCCATCTATTCCGCAGGAGAGTCGT,3,N58 after 16th
289,ACGACGGGGCACATTGTGCTATTCAGTTGTTCCGCAGGAGAGTCGTTCCGTCGT,3,N58 after 16th
290,ACGACGTGGCACATTGTGCTGTACATCTGTTCCGCAGGAGAGTCGT,3,N58 after 16th
291,ACGACGGGGCACATTGTGCCGTTCACCTGTTCCGCAGGAGAGTCGT,3,N58 after 16th
293,ACGACCTGGGACGACGGGGCACATTGTGCTATTCAGTTGTTCCGCAGGAGAGTCGT,3,N58 after 16th
294,ACGACCACCTAGGTATTCATGACCGTCTAGAGCTTTCATTGGTCGTCCCTGTCGT,3,N58 after 16th
297,ACGACGGTGCACATTGTGCTATTCAGTTGTTCCGCAGGAGAGTCGT,3,N58 after 16th
299,ACGACTTCGGGACGACGGGGCACATTGTGCTGTCCATCTGTTCCGCAGGAGAGTCGT,3,N58 after 16th
300,ACGACGGGGCACATTGTGCTATTCAGTTGTTCCGCAGGAGAGTCGCGTCGT,3,N58 after 16th
301,ACGACGGGGCACATTGTGCTGTTCACCTGTTCCGCATGAGAGTCGT,3,N58 after 16th
302,ACGACGGGGCACATTGTGCTATTCAGTTGTTCCGTAGGAGAGTCGT,3,N58 after 16th
307,ACGACATCGGGCTCGCCAAACCTGGTGTCGGAGGGAAGCATATGTGATTCCCCCGAGGGTCATGTCGT,3,N58 after 16th
309,ACGACGGGGCACATTGTGCTGTTCACCTGTTCCGCAGGAGAGTCGTCACGTCGT,3,N58 after 16th
310,ACGACGGCCACCTAGGTATTCATGACCGTCTAGAGCTTTCATTGGTCGT,3,N58 after 16th
313,ACGACCTGCGATAAGTGACAGCCGGTGTAAGATAGAGCCAGTTCACGTTAATCACGTCTCCTGGTCGT,3,N58 after 16th
314,ACGACCTCGTGACTACGGGGCACATTGTGCTGTCCATCTGTTCCGCAGGAGAGTCGT,3,N58 after 16th
317,ACGACGGGGCACATTGTGCTGTTCAACTGTTCCGCAGGAGAGTCGT,3,N58 after 16th
320,ACGACGCGCCTGTGCGTTAAACACATCAATGGAAGTGTTCACGATCCAAGTGAGTGTAGGGCCGTCGT,3,N58 after 16th
321,ACGACGGTGCACATTGTGCTGTTCACCTGTTCCGCAGGAGAGTCGT,3,N58 after 16th
322,ACGACGGGGCACATTGTGCTATTCAGTTGTTCCGCGGGAGAGTCGT,3,N58 after 16th
323,ACGACAACGGGGCACATTGTGCTGTCCATCTGTTCCGCAGGAGAGTCGT,3,N58 after 16th
325,ACGACCACCTAGGTATTCATGACCGTCTAGAGCTTTCATTGATCGTCGT,3,N58 after 16th
329,ACGACCTCGGGCGACCACCTAGGTATTCATGACCGTCTAGAGCTTTCATTGGTCGT,3,N58 after 16th
330,ACGACCACCTAGGTATTCATGACCGTCTCGAGCTTTCATTGGTCGT,3,N58 after 16th
332,ACGACGGGGCACATTATGCTGTTCACCTGTTCCGCAGGAGAGTCGT,3,N58 after 16th
334,ACGACGGGGCACATTGTGCTGTCCATCTGTTCCGAAGGAGAGTCGT,3,N58 after 16th
336,ACGACCACCTAGGTATTCATGACCGTCTAGGGCTTTCATTGGTCGT,3,N58 after 16th
337,ACGACCACCTAGGTATTCATGACCGTCTAGAGCTTTCATTGTTCGTCGT,3,N58 after 16th
338,ACGACCTTCGGGACGACGGGGCACATTGTGCTGTCCATCTGTTCCGCAGGAGAGTCGTCCCTAATCATCTCATTCAGTTTACAGTTTGGTCCTTGGGATATGAACAACCGAAAAAAGGGGAAGACGTCGT,3,N58 after 16th
339,ACGACCTCGTGACGACCACCTAGGTATTCATTACCGTCTAGAGCTTTCATTGGTCGT,3,N58 after 16th
342,ACGACTACGGGGCACATTGTGTTGTTCATCTGTTCCGCAGGAGAGTCGT,3,N58 after 16th
344,ACGACCACCGAGGTATTCATGACCGTCTAGAGCTTTCATTGGTCGT,3,N58 after 16th
345,ACGACCACCTAGGTATTCATGACCGTCTAGAGCTTTCATTGGCCGTCGT,3,N58 after 16th
348,ACGACCACCTAGGTATTCATGTCCGTCTAGAGCTTTCATTGGTCGT,3,N58 after 16th
349,ACGACGGGGCACATTGTGCTGTCCATCTGTTTCGCAGGAGAGTCGT,3,N58 after 16th
351,ACGACCTCGGAACGACGGGGCACATTGTGCTGTCCATCTGTTCCGCAGGAGAGTCGT,3,N58 after 16th
354,ACGACCACCTAGGTATTCATGACCGTTTAGAGCTTTCATTGGTCGT,3,N58 after 16th
355,ACGACGGGGCGCATTGTGCTGTTCATCTGTTCCGCAGGAGAGTCGT,3,N58 after 16th
356,ACGACGGGGCACATTGTGCTGTACATCTGTTCCGCAGGAGAGTCGTCCAGTCGT,3,N58 after 16th
358,ACGACCACCTATTTATTCATGACCGTCTAGAGCTTTCATTGGTCGT,3,N58 after 16th
359,ACGACGGGGCACATTGTGCTGTTCACCTGTTCTGCAGGAGAGTCGT,3,N58 after 16th
360,ACGACTCGGGACGACGGGGCACATTGTGCTGTCCACCTGTTCCGCAGGAGAGTCGT,3,N58 after 16th
362,ACGACCACCTAAGTATTCATGACCGTCTAGAGCTTTCATTGGTCGT,3,N58 after 16th
364,ACGACGGGGCACATTGTGCTGTTCATCTGTTCCACAGGAGAGTCGTCCAGTCGT,3,N58 after 16th
366,ACGACCACCTAGGTTTTCATGACCGTCTAGAGCTTTCATTGGTCGT,3,N58 after 16th
370,ACGACGGGTCACATTGTGCTGTTCACCTGTTCCGCAGGAGAGTCGT,3,N58 after 16th
372,ACGACGGGGCACATTGTGCTATTCAGTTGTTCCGCAGGAGAGTCGTCCCGCCTAGCCATTCAGTTGTTCCGCAGGAGAGTCGT,3,N58 after 16th
374,ACGACGGGGCACATTGTGCTGTACATCTGTTCCGCAGGAGAGTAGTCGT,3,N58 after 16th
376,ACGACCTCTGGACGACGGGGCACATTGTGCTGTCCACCTGTTCCGCAGGAGAGTCGT,3,N58 after 16th
377,ACGACCACCTAGGTATTCATGACCGTCTTGAGCTTTCATTGGTCGT,3,N58 after 16th
378,ACGACGGGGCACATTGTGCTGTCCATCTGTTCCGCAGGAGAGTCGTTCCGTCGT,3,N58 after 16th
381,ACGACCTCGGACGACGGGGCACATTGTGCTGTCCACCTGTTCCGCAGGAGAGTCGT,3,N58 after 16th
382,ACGACGGGGCACATTGTGCTGTCAATCTGTTCCGCAGGAGAGTCGTCACGTCGT,3,N58 after 16th
383,ACGACTCGGGACGACGGGGCACATTGTGCTATTCAGTTGTTCCGCAGGAGAGTCGT,3,N58 after 16th
384,ACGACAGGGCACATTGTGCTGTCCATCTGTTCCGCAGGAGAGTCGT,3,N58 after 16th
385,ACGACGGTGCACATTGTGCTGTCCATCTGTTCCGCAGGATAGTCGT,3,N58 after 16th
386,ACGACGTCCACCTAGGTATTCATGACCGTCTAGAGCTTTCATTGGTCGT,3,N58 after 16th
390,ACGACCTCGTGACGACGGGGCACATTGTGCTGTTCACCTGTTCCGCAGGAGAGTCGT,3,N58 after 16th
391,ACGACCACCTAGGTATTCATGACCGTCTAGAGCTTTCATTGGTCGTCGT,2,N58 after 16th
393,ACGACGAAGGGGCACATTGTGCTGTCCATCTGTTCCGCAGGAGAGTCGT,2,N58 after 16th
394,ACGACCTCGGACGACCACCTATGTATTCATGACCGTCTAGAGCTTTCATTGGTCGT,2,N58 after 16th
395,ACGACCACCTAGGTATTCATGACCGTCTAGAGCTTCATTGGTCGT,2,N58 after 16th
396,ACGACCACCTAGGTATTCATGACCGTCTAGAGCCTTCATTGGTCGTCCGTCGT,2,N58 after 16th
397,ACGACGGAGCACATTGTGCTATTCAGTTGTTCCGCAGGAGAGTCGT,2,N58 after 16th
398,ACGACGGGGCACATTGTGCTATTCAGTTGTTCCTCAGGAGAGTCGT,2,N58 after 16th
399,ACGACGGGGCACATTGTGATATTCAGTTGTTCCGCAGGAGAGTCGT,2,N58 after 16th
400,ACGACGGGGCACATTGTGCTGTCCAGTTGTTCCGCAGGAGAGTCGT,2,N58 after 16th
401,ACGACCTCGGGATGACGGGGCACATTGTGCTATTCAGTTGTTCCGCAGGAGAGTCGT,2,N58 after 16th
404,ACGACCACCTAGGTATTCATGACCGTCTAGAGCTGTCATTGGTCGT,2,N58 after 16th
409,ACGACGGGGCACACTGTGCTGTTCATCTGTTCCGCAGGAGAGTCGT,2,N58 after 16th
410,ACGACCAACTAGGTATTCATGACCGTCTAGAGCTTTCATTGGTCGT,2,N58 after 16th
411,ACGACGGGGCACATTGCGCTGTACATCTGTTCCGCAGGAGAGTCGT,2,N58 after 16th
413,ACGACCACCTAGGTATTCATGACCGTATAGAGCTTTCATTGGTCGTCACGTCGT,2,N58 after 16th
414,ACGACCTCGTGACGACGGGGCACATTGTGCTATTCAGTTGTTCCGCAGGAGAGTCGTCCCGCCTAGCTATTCAGTTGTTCCGCAGGAGAGTCGT,2,N58 after 16th
415,ACGACGGGGCACATTGTGCTGTCCATCTGTTCCGCGGGAGAGTCGT,2,N58 after 16th
416,ACGACGGGGCACATTGTGCTGTACATCTGTTCAGCAGGAGAGTCGT,2,N58 after 16th
417,ACGACCTTGGACGACCACCTAGGTATTCATGACCGTCTAGAGCTTTCATTGGTCGT,2,N58 after 16th
419,ACGACCTCGGGTCGACGGGGCACATTGTGCTATTCAGTTGTTCCGCAGGAGAGTCGT,2,N58 after 16th
422,ACGACCACCTAGGTATTCATGACCGTCTAGAGAGTCGT,2,N58 after 16th
423,ACGACCACCTAGGTATTCATGACAGTCTAGAGCTTTCATTGGTCGTCCAGTCGT,2,N58 after 16th
425,ACGACATTGGGACGACCACCTAGGTATTCATGACCGTCTAGAGCTTTCATTGGTCGT,2,N58 after 16th
427,ACGACGGGGCACATTGTGCTGTCCATCTGTTCCGCAGGAGAGTCGTCCCTGTCGT,2,N58 after 16th
430,ACGACCACCTAGGTATTCATGACCGTCTAGAGCTTTCATTGGTAGTCACGTCGT,2,N58 after 16th
433,ACGACCACCTAGGTATTCATGACCGTCTAGAGCTTTCATGGGTCGT,2,N58 after 16th
434,ACGACCTCGAGACGACGGGGCACATTGTGCTGTCCATCTGTTCCGCAGGAGAGTCGT,2,N58 after 16th
436,ACGACGGGGCATATTGTGCTGTTCACCTGTTCCGCAGGAGAGTAGTCGT,2,N58 after 16th
438,ACGACCCCCTAGGTATTCATGACCGTCTAGAGCTTTCATTGGTCGT,2,N58 after 16th
439,ACGACTGTGCACATTGTGCTATTCAGTTGTTCCGCAGGAGAGTCGT,2,N58 after 16th
440,ACGACGGGGCACATTGTGCTATTCAGTTGTTCCGCAGGAGAGTCGTCCCGCCTAGCTATTCAGTTGTTCCGCAGGAGAGTCGTCCGTCGT,2,N58 after 16th
443,ACGACGGGGCACATTGTGGTGTTCAGTTGTTCCGCAGGAGAGTCGT,2,N58 after 16th
445,ACGACCACCTAGGTATTCATGACCGTCTAGAGCTTTCATTGGTGGTCGT,2,N58 after 16th
450,ACGACCTCGTGACGACCACCTATGTATTCATTACCGTCTAGAGCTTTCATTGGTCGT,2,N58 after 16th
452,ACGACCTCGTGACGACGGGGCACATTGTGCTGTTCATCTGTTCCGCAGGAGAGTCGT,2,N58 after 16th
453,ACGACCTCGGTACGACCACCTAGGTATTCATGACCGTCTAGAGCTTTCATTGGTCGTCCAGTCGT,2,N58 after 16th
454,ACGACCTCGGGATGACGGGGCACATTGTGCTGTCCATCTGTTCCGCAGGAGAGTCGT,2,N58 after 16th
456,ACGACCTCTGGACGACGGGGCACATTGTGCTGTCCATCTGTTCCGCAGGATAGTCGT,2,N58 after 16th
457,ACGACGGGGCACATTTTGCTGTCCATCTGTTCCGCAGGAGAGTCGT,2,N58 after 16th
458,ACGACCTCGGACGACGGGGCACATTGTGCTGTTCACCTGTTCCGCAGGAGAGTCGT,2,N58 after 16th
459,ACGACGGGGAACATTGTGCTGTTCACCTGTTCCGCAGGAGAGTCGT,2,N58 after 16th
461,ACGACCACCTAGGTATTCATTACCGTCTAGAGCCTTCATTGGTCGT,2,N58 after 16th
462,ACGACCTCTGGACGACGGGGCACATTGTGCTGTTCACCTGTTCCGCAGGATAGTCGT,2,N58 after 16th
465,ACGACGGGGCACATTGTGCTGTCCATCTGTTCCGCAGGAGAGTCGTCCTGTCGT,2,N58 after 16th
466,ACGACCCGGGACGACGGGGCACATTGTGCTATTCAGTTGTTCCGCAGGAGAGTCGT,2,N58 after 16th
467,ACGACCACCTAGGTATTCATGACCGTCTAGAGCTTTCATGGTCGT,2,N58 after 16th
468,ACGACCACCTAGGTATTCATGACCGTCTAGAGCTTTCATTGGTCGTCCCTAGTCACTCATTCAGTTTACAGTTTGGTCCTTGGCAATGAACAACCGAAAAAAGGGGAAGACGTCGT,2,N58 after 16th
470,ACGACTACCTAGGTATTCATGACCGTCTAGAGCTTTCATTGGTAGTCGT,2,N58 after 16th
471,ACGACTCTCGGGACGACCACCTAGGTATTCATGACCGTCTAGAGCTTTCATTGGTCGT,2,N58 after 16th
473,ACGACGGGGCACATTGTGCTATTCAGTTGTTCCGCAGGAGAGTCGTCCCGCCTAGCTATTCAGTTGTTCCGCAGGATAGTCGT,2,N58 after 16th
475,ACGACCACCTAGGTATTCATGACCGTCTAGAGCTTTCATTGGTCGTCCCTAGTATGAACAACCGAAAAAAGGGGAAGACGTCGT,2,N58 after 16th
477,ACGACGGGGCACATTGTAGTGTTACACTGCGATGATTATGCTATTCAGTTGTTCCGCAGGAGAGTCGT,2,N58 after 16th
479,ACGACATCGGGACGACGGGGCACATTGTGCTGTCCACCTGTTCCGCAGGAGAGTCGT,2,N58 after 16th
480,ACGACGGGTGGTCTACATTAGATCGTGCGTCAGCTCCTGTAGGCTGGAATACCTTAGGTACCTGTCGT,2,N58 after 16th
482,ACGACCTCGGACGACTGGGCACATTGTGCTGTCCATCTGTTCCGCAGGAGAGTCGT,2,N58 after 16th
483,ACGACGGGGCACATTGTGCTGTTAACCTGTTCCGCAGGAGAGTCGT,2,N58 after 16th
484,ACGACGGGGCACATTGTGCTGTTCACCTGTTCCGCAGTAGAGTCGT,2,N58 after 16th
487,ACGACCACCTAGGTATTCATGACCGTCTAGAGCTTTCATTGGTCGTCCGGTCGT,2,N58 after 16th
488,ACGACGAATGAACAACCGAAAAAAGGGGAAGACGTCGT,2,N58 after 16th
489,ACGACGGGGCACATTGTGCTGTCCGTCTGTTCCGCAGGAGAGTCGT,2,N58 after 16th
491,ACGACCTCCTAGGTATTCATGACCGTCTAGAGCTTTCATTGGTCGT,2,N58 after 16th
492,ACGACCCCGGGACGACGGGGCACATTGTGCTGTCCATCTGTTCCGCAGGAGAGTCGT,2,N58 after 16th
493,ACGACTACTGGGCACATTGTGCTGTTCACCTGTTCCGCAGGAGAGTCGT,2,N58 after 16th
494,ACGACGGGGAACATTGTGCTATTCAGTTGTTCCGCAGGAGAGTCGT,2,N58 after 16th
495,ACGACCTAGGGACGACGGGGCACATTGTGCTATTCAGTTGTTCCGCAGGAGAGTCGTCCCGCCTAGCTATTCAGTTGTTCCGCAGGAGAGTCGT,2,N58 after 16th
496,ACGACGGGGCACATTGTGCTGTTCACCTGTTCCGCAGGATAGTCGT,2,N58 after 16th
497,ACGACCACCTAGGTATTCATGAACGTCTAGAGCTTTCATTGGTCGT,2,N58 after 16th
499,ACGACGGGGCACATTGTGCTGTTCACCTGTTCCGCAGGAGAGTCGTCCGTCGT,2,N58 after 16th
500,ACGACGGGGCACATTGTGCTGTCCATCTGTTCCGAAGGAGAGTCGTCACGTCGT,2,N58 after 16th
501,ACGACGGGGCACATTGTGCTATTCAGTTGTTCCGCAGGAGAGTCGTCCCGCCTAGCTATTCAGTTGTTCCGCAGGAGAGTCGTCACGTCGT,2,N58 after 16th
502,ACGACGGGGCACATTGTATGCCGCTGCATTAAGATTAGTGCTATTCAGTTGTTCCGCAGGAGAGTCGT,2,N58 after 16th
503,ACGACGGGGCACATTGTGCTATTCAGTTGTTCCGCAGGAGAGTCAGTCGT,2,N58 after 16th
505,ACGACCTCGGTACGACGGGGCACATTGTGCTATTCAGTTGTTCCGCAGGAGAGTCGT,2,N58 after 16th
506,ACGACGGGGCACATTGTACGTCATCCACACCACATTCGTGCTATTCAGTTGTTCCGCAGGAGAGTCGT,2,N58 after 16th
507,ACGACATACCGATAACTGGTCAAAGCGCTCTCAAGCGGCCCTTGAATCTCTGCTTTAGCGGTGGTCGT,2,N58 after 16th
508,ACGACCTCGGGATGAACAACCGTCTAGAGCTTTCATTGGTCGT,2,N58 after 16th
510,ACGACGCGTGCGGAGACGGAAGTATGACACAGAGTCTCTCCGGTAAACGGGCAAGTTTAGGTCGTCGT,2,N58 after 16th
511,ACGACCACCTCGGTATTCATGACCGTCTAGAGCTTTCATTGGTCGT,2,N58 after 16th
513,ACGACGGGGCACAGTGTGCTATTCAGTTGTTCCGCAGGAGAGTCGT,2,N58 after 16th
514,ACGACCTGGGACGACGGGGCACATTGTGCTGTTCATCTGTTCCGCAGGAGAGTCGT,2,N58 after 16th
515,ACGACGGGGCACGTTGTGCTATTCAGTTGTTCCGCAGGAGAGTCGT,2,N58 after 16th
516,ACGACGGGGCACATTGTGCTGTCCATCTGTTCCGCAAGAGAGTCGT,2,N58 after 16th
519,ACGACCTCTGGACGACGGGGCACATTGTGCTGTCCATCTGTTCCGCAGTAGAGTCGT,2,N58 after 16th
523,ACGACGGGGCACACTGTGCTATTCAGTTGTTCCGCAGGAGAGTCGT,2,N58 after 16th
526,ACGACCTCGGGAAGACCACCTAGGTATTCATGACCGTCTAGAGCTTTCATTGGTCGT,2,N58 after 16th
528,ACGACGGGGCACATTGTGCTGTCCACCTGTTCCGCAGGAGAGTCGTCCAGTCGT,2,N58 after 16th
532,ACGACGGGGCACATTGTGCTGTCCATCTGTTCCGCAGGCGAGTCGT,2,N58 after 16th
533,ACGACGGGGCACATTGTGCTGTCCATCTGTTCCGCCGGAGAGTCGT,2,N58 after 16th
537,ACGACGTGGCACATTGTGCTGTCCACCTGTTCCGCAGGAGAGTCGT,2,N58 after 16th
541,ACGACGGGGCATATTGTGCTGTTCACATGTTCCGCAGGAGAGTCGT,2,N58 after 16th
543,ACGACGGCTAAGTCTGCACTTACGCTGATATAAGGTCTGGGTCCTTTTGTGGCTGCCGGTCCGTCGT,2,N58 after 16th
544,ACGACCACCTAGGTATTCATGACCGTCTAGAGCTTTTATTGGTCGTCCAGTCGT,2,N58 after 16th
546,ACGACGGGGCACATTGTTCTATTCAGTTGTTCCGCAGGAGAGTCGT,2,N58 after 16th
547,ACGACGGGGCACATTGTGCTATTCAGTTGTTCCGCAGTAGAGTCGTCCCGCCTAGCTATTCAGTTGTTCCGCAGGAGAGTCGT,2,N58 after 16th
551,ACGACGGGGCACATTGTGCTGTCCATCTGTTCCGCAGGAAAGTCGT,2,N58 after 16th
552,ACGACCTCTGGACGACGGGGCACATTGTGCTGTCGT,2,N58 after 16th
553,ACGACCTTCGGGACGACGGGGCACATTGTGCTGTCCATCTGTTCCGCAGGAGAGTCGT,2,N58 after 16th
555,ACGACCTCTAGACGGTCATGAATACCTAGGTGGTCGT,2,N58 after 16th
556,ACGACCACATAGGTATTCATGACAGTCTAGAGCTTTCATTGGTCGT,2,N58 after 16th
560,ACGACGGGTCACATTGTGCTGTCCATCTGTTCCGCAGGAGAGTCGT,2,N58 after 16th
561,ACGACGATGGGGCACATTGTGCTATTCAGTTGTTCCGCAGGAGAGTCGT,2,N58 after 16th
562,ACGACCACCTAGCTATTCAGTTGTTCCGCAGGAGAGTCGT,2,N58 after 16th
563,ACGACGGGGCACATTGTGCTATTCAGTTTTTCCGCAGGAGAGTCGT,2,N58 after 16th
565,ACGACCACCTAGGTATTCATGACCGTCTAGAGCTTTCATTGGTCGTCCCTAGTCATCTAATTCAGTTTACAGTTTGGTCCTTGGACTATGAACAACCGAAAAAAGGGGAAGACGTCGT,2,N58 after 16th
566,ACGACGCGTGCCTAATGGAAAGTCAGGTCCCTTAAATAGTAGACTTGATCTGCCTAGGTATTGGTCGT,2,N58 after 16th
567,ACGACGGGGCACATTGTGCTGTTCATCTGTTCCGCAGGAGAGTCGTCACGTCGT,2,N58 after 16th
569,ACGACAACGGGGCACATTGTGCTATTCAGTTGTTCCGCAGGAGAGTCGT,2,N58 after 16th
570,ACGACGATGGGGCACATTGTGCTGTCCATCTGTTCCGCAGGAGAGTCGT,2,N58 after 16th
571,ACGACGGGGCATATTGTGCTATTCAGTTGTTCCGCAGGAGAGTCGT,2,N58 after 16th
573,ACGACCTAGGGACGACCACCTAGGTATTCATGACCGTCTAGAGCTTTCATTGGTCGTCCAGTCGT,2,N58 after 16th
574,ACGACGGGTCACATTGTGCTATTCAGTTGTTCCGCAGGAGAGTCGTCCCGCCTAGCTATTCAGTTGTTCCGCAGGAGAGTCGT,2,N58 after 16th
575,ACGACGGGGCACATTGTGCTGTCCATCTGTTCCGCCAGGAGAGTCGT,2,N58 after 16th
576,ACGACGGGGCACATTGTGCTATTCAGTTGTTCCGCAGGAGAGTCGTCCCTGTCATCTCATTCAGTTTACAGTTTGGTCTTGGACAATGAACAACCGAAAAAAGGGGAAGACGTCGT,2,N58 after 16th
577,ACGACCACCTAGGTATTCATGACCGTCTAGAGCTTTGATTGGTCGT,2,N58 after 16th
578,ACGACCTAGGGACGACGGGGCACATTGTGCTATTCAGTTGTTCCGCAGGAGAGTCGTACCGTCGT,2,N58 after 16th
580,ACGACGGGGCACATTGTGCTATCCATCTGTTCCGCAGGAGAGTCGT,2,N58 after 16th
581,ACGACGGGGCACATTGTGCTGTACATCTGCTCCGCAGGAGAGTCGT,2,N58 after 16th
582,ACGACCTCGGGCCGACGGGGCACATTGTGCTGTCCATCTGTTCCGCAGGAGAGTCGT,2,N58 after 16th
584,ACGACGGGGCACATTGTGCTATTCAGTTGTTCCGCAGGAGAGTCGTCCCGCCTAGCTATTCAGCTGTTCCGCAGGAGAGTCGT,2,N58 after 16th
585,ACGACGGGGCACATTGTGCTGTTCACCTGTTCCACAGGAGAGTCGT,2,N58 after 16th
586,ACGACGGGGCACATTGTGCTTTCCATCTGTTCCGCAGGAGAGTCGT,2,N58 after 16th
587,ACGACCTCGAGACGACGGGGCACATTGTGCTATTCAGTTGTTCCGCAGGAGAGTCGT,2,N58 after 16th
588,ACGACGGGGCACATTGTGCTGTCCATTTGTTCCGCAGGAGAGTCGT,2,N58 after 16th
589,ACGACCTCTGGACGACGTGGCACATTGTGCTGTCCATCTGTTCCGCAGGAGAGTCGT,2,N58 after 16th
590,ACGACGGGCACATTGTGCTGTCCATCTGTTCCGCAGGAGAGTCGT,2,N58 after 16th
593,ACGACGGGGCACATTGTGCTGTCCATCTGTTCCGCAGGAGAGTCGTCCCTAGTCATTCATTCAGTTTACAGTTTGGTCCTTGTATGAACAACCGAAAAAAGGGGAAGACTTACTACTCTCGGGACGACGGGGCACATTGTGCTATTCAGTTGTTCCGCAGGAGAGTCGT,1,N58 after 16th
594,ACGACCTAGGGACGACCACCTAGGTATTCATGACCGTCTAGAGCTCTCATTGGTCGT,1,N58 after 16th
597,ACGACGGGGCACACTGTGCTGTCCATCTGTTCCGCAGGAGAGTAGTCGT,1,N58 after 16th
598,ACGACCACCTAGTTATTCATGACCGTCTGGAGCTTTCATTGGTCGT,1,N58 after 16th
599,ACGACGGGGCACATTGGGCTGTCCATCTGTTCCGCAGGAGAGTCGT,1,N58 after 16th
601,ACGACTACCACCTAGGTATTCATGACCGTCTATAGCTTTCATTGGTCGT,1,N58 after 16th
604,ACGACGGGGCACATTGTGCTATTTAGTTGTTCCGCAGGAGAGTCGT,1,N58 after 16th
606,ACGACGGGGCACATTGTGCTATCCAGCTGTTCCGCAGGAGAGTCGT,1,N58 after 16th
608,ACGACGGGGCACATTGTGCTATTCAGTTGTTCCGCAGGAGAGTCGTCCCTTGTCATCTCATTCAGTTTCCATTTTGGTCCTTGGGACAAACAACCGAAAAAAGGGGAAGACGTCGT,1,N58 after 16th
609,ACGACGGGGCACATAGTGCTGTCCATCTGTTCCGCAGGAGAGTCGT,1,N58 after 16th
613,ACGACGGGGCACACTGTGCTGTCCATCTGTTCCGCATGAGAGTCGT,1,N58 after 16th
617,ACGACCACCTAGGTATTCATGACCGTCTAGAGCTTTCATTGGTCGTCCCTAGTTATCTCATTCAGTTTACAGTTTGGTCCTTGGACTATGAACAACCGAAAAAAGGGGAAGACGTCGT,1,N58 after 16th
621,ACGACCTCGGACGACGGGGCACATTGTGATGTCCATCTGTTCCGCAGGAGAGTCGT,1,N58 after 16th
627,ACGACTCTCCTGCGGAACAGATGGACAGCACAATGTGCCCCGTCGTCCCGAGAGTGATTAAGTCTTCCCCTTTTTTCGGTTGTTCATAATGAACAACCGAAAAAAGGTGAAGACGTCGT,1,N58 after 16th
629,ACGACCTCGGGAAAAAGGGGAAGACGTCGT,1,N58 after 16th
630,ACGACTGGGCACATTGTGCTGTCCATCTGTTCCGTCTAGAGCTTTCATTGGTCGT,1,N58 after 16th
631,ACGACCACCTAGGTATTCATGACAGTCTAGAGCTTTCATTGGTCGTCGTCGT,1,N58 after 16th
633,ACGACCTTCGGGACGACGGGGCACATTGTGCTATTCAGTTGTTCCGCAGGAGAGTCGT,1,N58 after 16th
635,ACGACCACCTAGGTATTCATGACCGTCTAGAGCTTTCATTGGTCGTCCCGCCTAGCTATTCAGTTGTTCCGCAGGAGAGTCGT,1,N58 after 16th
636,ACGACGGGGCACATTGTGCTATTCAGTTGTTCCGCAGGAGACTCGTCGT,1,N58 after 16th
638,ACGACGGGGCACATTGTGCTATTCAGTTGTTCCGCAGGAGAGTTGTCCCGCCTAGCTATTCAGTTGTTCCGCAGGAGAGTCGT,1,N58 after 16th
639,ACGACGGGGCACATTGTGCTGTCCATCTGTTCCGCAGGAGAATCGTCGT,1,N58 after 16th
640,ACGACGGGGCACATTGTGCTGTCCATCTGTTCCTCAGGAGAGTAGTCGT,1,N58 after 16th
641,ACGACGGGGCACATTGTGCTGTCCATCTGTTCCGCAGGAGAGTCGTCCCTAGTCATCTCTTCAGTTTACAGTTTGGTCTTGGGATATGAACAACCGAAAAAAGGGGAAGACGTCGT,1,N58 after 16th
642,ACGACGGGGCACATTGTGCTGTCCATCTGTTCCAGTGCTATTCAGTTGTTCCGCAGGAGAGTCGT,1,N58 after 16th
645,ACGACGGGGCACATTGTGGTATTCAGTTGTTCCGCAGGAGAGTCGT,1,N58 after 16th
646,ACGACCACGGGACGACCACCTAGGTATTCATGACCGTCTAGAGCTTTCATTGGTCGT,1,N58 after 16th
648,ACGACATTATGTACGGTAGCGGCATTTGGACCCATGACCGCAGTCCGGATAGCAGGTCGT,1,N58 after 16th
650,ACGACGGGGCACATTGTGCTGTTCATCTGTTCCGCAGGAGAGTCGTCCAGTCGT,1,N58 after 16th
651,ACGACCACCTAGGTATTCAGTTGTTCCGCAGGAGAGTCGTCCAGTCGT,1,N58 after 16th
652,ACGACGGGGCACATTGTGCTGTCCATCTGTCCCGCAGGAGAGTCGT,1,N58 after 16th
654,ACGACCACCTAGGTATTCATGACCGTCTAGAGCCCTCATTGGTCGT,1,N58 after 16th
655,ACGACGTGGCTCATTGTGCTGTCCATCTGTTCCGCAGGAGAGTCGT,1,N58 after 16th
658,ACGACGACCTAGGTATTCATGACCGTCTAGAGCTTTCATTGGTCGT,1,N58 after 16th
662,ACGACCACCTAGGTATTAATGACCGTCTAGAGCTTTCATTGGTCGTCACGTCGT,1,N58 after 16th
664,ACGACGGGGCAATTTGTGCTGTCAATCTGTTCCGCAGGAGAGTCGT,1,N58 after 16th
665,ACGACGGGTCACATTGTGCTGTACATCTGTTCCGCAGGAGAGTCGT,1,N58 after 16th
667,ACGACCTCGGGGGACGACCACCTAGGTATTCATGACCGTCTAGAGCTTTCATTGGTCGT,1,N58 after 16th
668,ACGACGTGGCACATTGTGCTGTTCATCTGTTCCACAGGAGAGTCGT,1,N58 after 16th
669,ACGACCTCGGGGACGACCACCTAGGTATTCATTACCGTCTAGAGCTTTCATTGGTCGT,1,N58 after 16th
671,ACGACGGGGCACATTGTGCTGTCCATATGTTCCGCAGGAGAGTCGGGTCGT,1,N58 after 16th
672,ACGACGAGCACCTAGGTATTCATGACCGTCTAGAGCTTTCATTGGTCGT,1,N58 after 16th
674,ACGACGGGGCACATTTTGCTGTTCACCTGTTCCGCAGGAGAGTCGT,1,N58 after 16th
675,ACGACAACCTAGTTATTCATGACCGTCTAGAGCTTTCATTGGTCGT,1,N58 after 16th
676,ACGACCTCGGGAAGACGGGGCACATTGTGCTATTCAGTTGTTCCGCAGGAGAGTCGT,1,N58 after 16th
677,ACGACTCTCCTGCGGAACATGTGAACAGCACAATGTGCCCCGTCGTCCCGAGAGTGAGTAAGTCTTCCCCTTTTTTCGGTTGTTCATTCAACCGAAAAAAGGGGAAGACGTCGT,1,N58 after 16th
678,ACGACTGGGCACATTGTGCTGTCCACCTGTTCCGCAGGAGAGTCGT,1,N58 after 16th
679,ACGACCTCTCTCGGGACGACCACCTAGGTATTCATGACCGTCTAGAGCTTTCATTGGTCGT,1,N58 after 16th
681,ACGACGGGGCACATTGTGCTGACCATCTGTTCCGCAGGAGAGTCGT,1,N58 after 16th
682,ACGACCTCGGACGACGGGGTACATTGTGCTGTTCATCTGTTCCGCAGGAGAGTCGT,1,N58 after 16th
683,ACGACGGTGCACATTGTGCTGTCCATCTGTTCCGCAGTAGAGTCGT,1,N58 after 16th
684,ACGACCACCTAGGTATTCATGCCCGTCTAGAGCTTTCATTGGTCGT,1,N58 after 16th
685,ACGACCCCGGGACGACGGGGCACATTGTGCTGTACATCTGTTCCGCAGGAGAGTCGT,1,N58 after 16th
687,ACGACTGGGCACATTGTGCTGTCCATCTGTTCCGTAGGAGAGTCGT,1,N58 after 16th
689,ACGACCTAGGGACGACGGGGCACATTGTGCTGTTCATCTGTTCCGCAGGAGAGTCGT,1,N58 after 16th
692,ACGACCTAGGGACGACCACCTAGGTATTCATGACCGTCTAGAGCCTTCATTGGTCGTACCGTCGT,1,N58 after 16th
694,ACGACCACCTAGGTATTCATGACCGTCTAGAGCTTTCAGTGGTCGT,1,N58 after 16th
695,ACGACGGGGCATATTGTGCTGTTCATCTGTTCCACAGGAGAGTCGT,1,N58 after 16th
700,ACGACCCTCTCGGGACGACGGGGCACATTGTGCTGTCCATCTGTTCCGCAGGAGAGTCGT,1,N58 after 16th
703,ACGACCACCTAGGTATTCATGACCGTCTAGAGCTTTCATTGGTCGTCCCTAGTCATTCATTCAGTTTACAGTTTGGTCCTGGGACAATGAACAACCGAAAAAAGGGGAAGACGTCGT,1,N58 after 16th
705,ACGACGGGGCACATTGTGCTGTCCCTCTGTTCCGCAGGAGAGTCGT,1,N58 after 16th
707,ACGACGGGGCACATTGTGCTGTCCATCTGTTCCGCAGGAGAGTCGTGCCGAGAGTGAGTAAGTCTTCCCCTTTTTATGAACAACCGAAAAAAGGGGAAGACGTCGT,1,N58 after 16th
709,ACGACCCAGTAGCGTGGAGTAACGACAGGCTGGTCAATGGGCTATTCGTGCTCCATAGCTCCGGTCGT,1,N58 after 16th
710,ACGACCGTGGCGCATTGTACTTAAGAGTCTGCCAGTGGCTTCTGTCAGGACAGGGAGAGACTTGTCGT,1,N58 after 16th
713,ACGACTCAGTTTACAGTTTGGTCCTTGGACAACCGAAAAAAGGGGAAGACGTCGT,1,N58 after 16th
715,ACGACGGGGCACATTGTGCTGTCCATCTGTTCCGCATGGGAGTCGT,1,N58 after 16th
717,ACGACTACCACCTAGGTATTCATGACCGTCTAGAGCTTTCATTTGTCGT,1,N58 after 16th
718,ACGACCACCTAGGTATTCATGACCGTCTAGAGCTTTCATTGGTCGTCCCTACCGTCGT,1,N58 after 16th
721,ACGACCACCTAGGTATTCATGACCGTATAGAGCTTTCATTGGTAGTCGT,1,N58 after 16th
724,ACGACCACCTTGGTATTCATGACCGTCTAGAGCTTTCATTGGTCGT,1,N58 after 16th
727,ACGACGGGGCACATTGTACCGTTTCCGAGTTCATACAGTGCTATTCAGTTGTTCCGCAGGAGAGTCGT,1,N58 after 16th
729,ACGACGCTCACTCTCGGGACGACCACCTAGGTATTCATGACCGTCTAGAGCTTTCATTGGTCGT,1,N58 after 16th
730,ACGACACGTTACCACAAGCGGAATTGTCGAGTTCGCCTTAGTGCTTATTCCCAGGGAGCCCGTGTCGT,1,N58 after 16th
731,ACGACGGGGCACATTGTGCTGTTCACCTGTTCCGCAGGAGAGTCGTTCCGTCGT,1,N58 after 16th
739,ACGACCTCGTGACGACGGGGCACATTGTGCTATTCAGTTGATCCGCAGGAGAGTCGT,1,N58 after 16th
742,ACGACGGGGCACATTGTGCTATTCAGTTGTTCCGCAGGAGAGTCGTCCCGCCTAGCTATTCAGTTGCTCCGCAGGAGAGTCGT,1,N58 after 16th
743,ACGACCACCTAGGTATTAATGACCGTCTAGAGCTTTCATTGGTCGTACCGTCGT,1,N58 after 16th
744,ACGACCTCGGAACCGAAAAAAGGGGAAGACGTCGT,1,N58 after 16th
747,ACGACCGACGGGGCACATTGTGCTGTCCATCTGTTCCGCAGGAGAGTCGT,1,N58 after 16th
749,ACGACCACCTAGCTATTCATGACCGTCTAGAGCTTTCATTGGTCGT,1,N58 after 16th
750,ACGACCTGGACGACCACCTAGGTATTCATGACCGTCTAGAGCTTTCATTGGTCGT,1,N58 after 16th
752,ACGACCTCGGGGCACATTGTGCTGTCCATCTGTTCCGCAGGAGAGTCGT,1,N58 after 16th
754,ACGACCTAGTGACGACGGGGCACATTGTGCTGTCCATCTGTTCCGCAGGAGAGTCGT,1,N58 after 16th
757,ACGACCTCGGGCCGACCACCTAGGTATTCATGACCGTCTAGAGCTTTCATTGGTCGT,1,N58 after 16th
760,ACGACATCGGGACGACCACCTAGGTATTCATGACCGTCTAGAGCCTTCATTGGTCGT,1,N58 after 16th
761,ACGACCCCGGGACGACGGGGCACATTGTGCTATTCAGTTGTTCCGCAGGAGAGTCGT,1,N58 after 16th
762,ACGACGGGGCACATTGTCCATTGTAGATGTGTGAAGTGTGCTATTCAGTTGTTCCGCAGGAGAGTCGT,1,N58 after 16th
764,ACGACATCGGGACGACGGGGCACATTGTGCTATTTAGTTGTTCCGCAGGAGAGTCGT,1,N58 after 16th
767,ACGACGGGGCACATTGTGCTATTCAGTTGTTCAGCAGGAGAGTCGTCCCGCCTAGCTATTCAGTTGTTCCGCAGGAGAGTCGT,1,N58 after 16th
768,ACGACCTCGGTACGACGGGGCACATTGTGCTGTCCACCTGTTCCGCAGGAGAGTCGT,1,N58 after 16th
770,ACGACCCGGGACGACGGGGCACATTGTGCTGTTCACCTGTTCCGCAGGAGAGTCGT,1,N58 after 16th
779,ACGACCTCCGGACGACGGGGCACATTGTGCTCTTCAGTTGTTCCGCAGGAGAGTCGT,1,N58 after 16th
780,ACGACTTCGGGACGACGGGGCACATTGTGCTATTCAGTTGTTCCGCAGGAGAGTCGT,1,N58 after 16th
781,ACGACCACCTAGGTATTCATGACCGTCTAGAGCTTTCATGGGTAGTCGT,1,N58 after 16th
782,ACGACTCGGGACTACCACCTAGGTATTCATGACCGTCTAGAGCTTTCATTGGTCGT,1,N58 after 16th
785,ACGACTATGAACAACCGAAAAAAGGGGAAGACGTCGT,1,N58 after 16th
786,ACGACAACCTAGGTACTCATGACCGTCTAGAGCTTTCATTGGTCGT,1,N58 after 16th
788,ACGACGGGGCACATTGTGCTGTCCATCTGTTCCGCAGGAGAGTCGTCCCTAGTCATCTATTCAGTTTACAGTTTGGTCCTTATGAACAACCGAAAAAAGGGGAAGACGTCGT,1,N58 after 16th
790,ACGACCACCTAGGTATTCATGACCGTCTAGAGCTATCATTGGTCGT,1,N58 after 16th
791,ACGACAGGGCACATTGTGCTATTCAGTTGTTCCGCAGGAGAGTCGT,1,N58 after 16th
792,ACGACCTCTGGACGACCACCTAGGTATTCATGATCGTCTAGAGCTTTCATTGGTCGT,1,N58 after 16th
793,ACGACGGGGCACATTGTGCTATTCAGTTGTTCCGCAGGAGAGTCGTCCTGTCGT,1,N58 after 16th
794,ACGACCACCTAGGTATTCATGACCGTCTAGAGCTTTCATTGTGCTGTCCATCTGTTCCGCAGGAGAGTCGT,1,N58 after 16th
798,ACGACGGGGCACATTGTGCTGTCCATCTCTTCCGGAGGAGAGTCGT,1,N58 after 16th
799,ACGACTGATCTCCTGGAGCCTCCCACCGCAACGTGTATTAGGTAGTGGATCTGGCCTGGGGTAGTCGT,1,N58 after 16th
800,ACGACGGGGCACATTATGCTGTTCATCCGTTCCGCAGGAGAGTCGT,1,N58 after 16th
802,ACGACGGGGCACAGTGTGCTGTTCATCTGTTCCGCAGGAGAGTCGT,1,N58 after 16th
804,ACGACACCTAGGTATTCATGACCGTCTAGAGCTTTCATTGGTCGTCACGTCGT,1,N58 after 16th
809,ACGACCTCGGAACTACCACCTAGGTATTCATGACCGTCTAGAGCTTTCATTGGTCGT,1,N58 after 16th
811,ACGACCTCGGGGCGACCACCTAGGTATTAATGACCGTCTAGAGCTTTCATTGGTCGT,1,N58 after 16th
815,ACGACCACGGGACGACGGGGCACATTGTGCTATTCAGTTGTTCCGCAGGAGAGTCGAGTCGT,1,N58 after 16th
817,ACGACCGGGACGACGGGGCACATTGTGCTATTCAGTTGTTCCGCAGGAGAGTCGT,1,N58 after 16th
818,ACGACCACCTAGGTATTCATGACCGTCTATAGCTTTCATTTGTCGT,1,N58 after 16th
820,ACGACGATCACCTAGGTATTCATGACCGTCTAGAGCTTTCATTGGTCGT,1,N58 after 16th
822,ACGACCTCTGGACGACGGGGCACATTGTGCTGTCCATCTGGTCCGCAGGAGAGTCGT,1,N58 after 16th
824,ACGACTCAGTTTACAGTTTGATGAACAACCGAAAAAAGGGAAGACGTCGT,1,N58 after 16th
825,ACGACCACCTAGGTATTCATGACCGTCTAGAGCTTCCATTGGTCGTCACGTCGT,1,N58 after 16th
826,ACGACCTCAACCGAAAAAAGGGGAAGACGTCGT,1,N58 after 16th
827,ACGACGGGGCACATTGTGCTGTCCATCTGTTCCGCAGAAGAGTCGT,1,N58 after 16th
828,ACGACCACCTAGGAATTCATGACCGACTAGAGCTTTCATTGGTCGT,1,N58 after 16th
829,ACGACCTCGGAACGACCACCTATGTATTCATGACCGTCTAGAGCTTTCATTGGTCGT,1,N58 after 16th
831,ACGACGGGGCACATTGTGCTGTCGATCTGTTCCGCAGGAGAGTCGT,1,N58 after 16th
833,ACGACCACCAAGTTATTCATGACAGTCTAGAGCTTTCATTGGTCGT,1,N58 after 16th
834,ACGACCTGGTACGACGGGGCACATTGTGCTGTCCATCTGTTCCGCAGGAGAGTCGT,1,N58 after 16th
836,ACGACCTCAGGACGACGGGGCACATTGTGCTGTTCATCTGTTCCGCAGGAGAGTCGT,1,N58 after 16th
838,ACGACCTCGCCGGGACGACGGGGCACATTGTGCTGTCCATCTGTTCCGCAGGAGAGTCGT,1,N58 after 16th
842,ACGACGGAGCACATTGTGCTGTCCATCTGTTCCGCAGGAGAGTCGT,1,N58 after 16th
846,ACGACATGAACAACCGAAAAAAGGGGAAGACGTCGT,1,N58 after 16th
847,ACGACCACCTAGGTATTCATGACCGTCTAGAGCTTTCATTGGACGTCGT,1,N58 after 16th
849,ACGACCTCCGGGACGACCACCTAGGTATTCATGACCGTCTAGAGCTTTCATTGGTCGT,1,N58 after 16th
850,ACGACGGGGCACATTGTGCTGTCCAGTCGT,1,N58 after 16th
851,ACGACGGGGCACATTGTGCTATTCAGTTGTTCCGCAAGAGAGTCGT,1,N58 after 16th
852,ACGACCACCTAGGTATTCATGACCGTCTAGAGCTTTCATTGGTCGTCCCGTCGT,1,N58 after 16th
853,ACGACCACCTAGGTATTCATGACCGTCTAGAGCTTTCATTGGTAGTCCAGTCGT,1,N58 after 16th
854,ACGACGGGGCACATTGTGCTGTCCCGCCTAGCTATTCAGTTGTTCCGCAGGAGAGTCGT,1,N58 after 16th
855,ACGACCCTCTGGACGACCACCTAGGTATTCATGACCGTCTAGAGCTTTCATTGGTCGT,1,N58 after 16th
861,ACGACCACCTACGTATTCATGACCGTCTAGAGCTTTCATTGGTCGT,1,N58 after 16th
863,ACGACGGGGCACATTGTGCTGTACATCTGTTCCGCAGGAGAGTCGTCCTGTCGT,1,N58 after 16th
865,ACGACGGGGCACATTGTGCTGTCCATCTGTTCAGCAGGAGAGTCGTCCAGTCGT,1,N58 after 16th
868,ACGACCAATGAAAGCTCTAGACGGTCATGAATACCTAGGTGGTCGTCCCGAGAGTGAGTAAGTCTTCCCCTTTTTTCGGTTGTTCCGCAGGAGAGTCGT,1,N58 after 16th
869,ACGACCTCCGGACGACCACCTAGGTATTCATGACCGTCTAGAGCTTTCATTGGTCGT,1,N58 after 16th
871,ACGACGTGGCATATTGTGCTGTCCATCTGTTCCGCAGGAGAGTCGT,1,N58 after 16th
872,ACGACCTCTGGACGACGTGGCACATTGTGCTGTCCATCTGGTCCGCAGGAGAGTCGT,1,N58 after 16th
873,ACGACATCGGGACGACCACCTAGGTATTCATGACCGTCTAGAGCTTTCATTGGTCGTCCAGTCGT,1,N58 after 16th
874,ACGACCACCTATGTAGTCATGACCGTCTAGAGCTTTCATTGGTCGT,1,N58 after 16th
875,ACGACGGGGCACATTGTGCTGGTCACCTGTTCCGCAGGAGAGTCGT,1,N58 after 16th
877,ACGACAACCTAGGTATTCATGACCGTATAGAGCTTTCATTGGTCGTCACGTCGT,1,N58 after 16th
878,ACGACGGGGCACATTGTGCTGTCCATCTGTTCCGCAGGTGAGTCGT,1,N58 after 16th
880,ACGACGGGGTACATTGTGCTATTCAGTTGTTCCGCAGGAGAGTCGT,1,N58 after 16th
881,ACGACGTGGCACATTGTGCTGTCCATCTGTTCCGCTGGAGAGTCGT,1,N58 after 16th
882,ACGACCACCTAGGTATTCATGACCGTCTAGTGCTTTCATTGGTCGT,1,N58 after 16th
883,ACGACTCTCCTGCGGAACAACTGAATAGCACAATGTGCCCCGTCGT,1,N58 after 16th
884,ACGACTACGGTGCACATTGTGCTGTCCATCTGTTCCGCAGGAGAGTCGT,1,N58 after 16th
886,ACGACGGGGCGCATTGTGCTATTCAGTTGTTCCGCAGGAGAGTCGT,1,N58 after 16th
887,ACGACCTCGTGACGATGGGGCACATTGTGCTGTCCATCTGTTCCGCAGGAGAGTCGT,1,N58 after 16th
890,ACGACCTCTGGACGACCACCTAGGTATTCATGACCGTCTAGAGCTTTCATTTGTCGT,1,N58 after 16th
891,ACGACGGGGCACATTGTGCTGTTCACCTCTTCCGCAGGAGAGTCGT,1,N58 after 16th
892,ACGACCACCTAGGTATTCATGACCGTCTAGAGCCTTCACTGGTCGT,1,N58 after 16th
902,ACGACCTGAAATACTGCACCACCTTACAATGATCCCAATTGGCAATGTGGCTGGTAGTGCCGTGTCGT,1,N58 after 16th
903,ACGACGGTGCACATTGTGCTGTACATCTGTTCCGCAGGAGAGTCGT,1,N58 after 16th
904,ACGACGTGGCACATTGTGCTATTCACCTGTTCCGCAGGAGAGTCGT,1,N58 after 16th
906,ACGACTACCACCTAGGTATTCATGACCGTCTAGAGCCTTCATTGGTCGT,1,N58 after 16th
907,ACGACGGGGCACATTGTACGGCCTTGTACAATAGTCAGTGCTATTCAGTTGTTCCGCAGGAGAGTCGT,1,N58 after 16th
908,ACGACGGGGTACATTGTGCTGTCCATCTGTTCCGCAGGAGAGTCGTCCAGTCGT,1,N58 after 16th
909,ACGACCTCGTGACGACGGGGCACTTTGTGCTGTCCATCTGTTCCGCAGGAGAGTCGT,1,N58 after 16th
911,ACGACGGGGCACATTGTGCTGTACATCTGTTCCGCAGGAGAGTCAGTCGT,1,N58 after 16th
913,ACGACTACCACCTAGGTATTCATGACCGTCTAGAGTTTTCATTGGTCGT,1,N58 after 16th
914,ACGACCACCTAGGTATTCATGACCGTCTAGAGCTTTCATTGGTCGTCCTATGAACAACCGAAAAAAGGGGAAGACGTCGT,1,N58 after 16th
916,ACGACGTGGCACATTGTGCTGTCCATCTGTTCCGCAGGAGAGTCGTCCCGCCTAGCTATTCAGTTGTTCCGCAGGAGAGTCGT,1,N58 after 16th
917,ACGACGGGGCACATTGTCGGGTAAAGCCGAGGTAATGATGCTATTCAGTTGTTCCGCAGGAGAGTCGT,1,N58 after 16th
918,ACGACGGGGCAGATTGTGCTGTCCATCTGTTCCGCTGGAGAGTCGT,1,N58 after 16th
919,ACGACCACCTAGGTATTCAAGACCGTCTAGAGCTTTCATTGGTCGT,1,N58 after 16th
920,ACGACCACCTAGGTATTCATGACCGTATAGAGCCTTCATTGGTCGT,1,N58 after 16th
921,ACGACGGGGCACATTGTGTTGTTCACCTGTTCCGCAGGAGAGTCGT,1,N58 after 16th
922,ACGACCACCTAGGTATTCATTACCGTCTAGAGCTTTCATTGGTCGCGTCGT,1,N58 after 16th
923,ACGACCACCTAGGTATTCATGACCGTCGAGAGCTTTCATTGGTCGT,1,N58 after 16th
926,ACGACGGGGCACATAGTGCTGTCCATCTGTTCCGCAGGATAGTCGT,1,N58 after 16th
927,ACGACGGGGCACATTGTGCTGTCCATCTTTTCCGCAGGAGAGTCGT,1,N58 after 16th
929,ACGACTCGGGACGACCACCTAGGTATTCATGACCGTCTAGAGCTTTCATCTGTTCCGCAGGAGAGTCGT,1,N58 after 16th
930,ACGACGGGGCACATTGTGCGCTCAGATCACAATATTGGTGCTATTCAGTTGTTCCGCAGGAGAGTCGT,1,N58 after 16th
931,ACGACTACGGGGCACATTGTGCTGTCCATCTGTTCCACAGGAGAGTCGT,1,N58 after 16th
932,ACGACCACCTAGGTATTCATGACCGTCTAGAGCTTTCATTGTTCGTCCAGTCGT,1,N58 after 16th
936,ACGACCACCTAGGTATTCATTACCGTCTAGAGCTTTCATTGGTCGTCGTCGT,1,N58 after 16th
939,ACGACCACCTAGGTATTAATGACAGTCTAGAGCTTTCATTGGTCGT,1,N58 after 16th
940,ACGACGACCTAGGTCTTCATGACCGTCTAGATCTTTCTTTGGTCGT,1,N58 after 16th
941,ACGACTCAGTTACAGTTTGGTCCTTGGGACATGAACAACCGAAAAAAGGGGAAGACGTCGT,1,N58 after 16th
946,ACGACCTCTGTACGACCACCTAGGTATTCATGACCGTCTAGAGCTTTCATTGGTCGT,1,N58 after 16th
947,ACGACGGCGGGGCACATTGTGCTATTCAGTTGTTCCGCAGGAGAGTCGT,1,N58 after 16th
952,ACGACCTCTGGACGACCACCTATGTATTCATGACCGTCTAGAGCTTTCATTGGTCGT,1,N58 after 16th
954,ACGACGGGGCACATTGTGCTATTCAGTTGTGCCGCAGGAGAGTCGT,1,N58 after 16th
955,ACGACGTGGCACACTGTGCTGTCCATCTGTTCCGCAGGAGAGTCGT,1,N58 after 16th
957,ACGACGGGGCACATTGTGCTATTCAGTTGTTCCGCCGGAGAGTCGT,1,N58 after 16th
958,ACGACAACCGAAAAAAGGGGAAGACGTCGT,1,N58 after 16th
959,ACGACCTCGGGGACGACGGGGCACATTGTGCTGTTCATCTGTTCCGCAGGAGAGTCGT,1,N58 after 16th
961,ACGACCTGATGAACAACCGAAAAAAGGGGAAGACGTCGT,1,N58 after 16th
962,ACGACGTGGCACATTGTGCTGTTCACCTCTTCCGGAGGAGAGTCGT,1,N58 after 16th
966,ACGACGGGGCACATTGTGCTGTTCATCTGTTCCGCATGAGAGTCGT,1,N58 after 16th
969,ACGACCTCGGCACGACCACCTAGGTATTCATGACCGTCTAGAGCTTTCATTGGTCGT,1,N58 after 16th
970,ACGACGGGGAACATTGTGCTGTTCATCTGTTCCGCAGGAGAGTCGT,1,N58 after 16th
973,ACGACGGCGGGGCACATTGTGCTGTCCATCTGTTCCGCAGGAGAGTCGT,1,N58 after 16th
974,ACGACCTGGACGACGGGGCACATTGTGCTGTCCATCTGTTCCGCAGGAGAGTCGT,1,N58 after 16th
981,ACGACGGGGCACATTGTACTGTTCACCTGTTCCGCAGGAGAGTCGT,1,N58 after 16th
984,ACGACCACCTAGGTATTCATGACCGTCTAGAGCTTTCATCTGTTCCGCAGGAGAGTCGT,1,N58 after 16th
986,ACGACCTGGGACGACGGGGCACATTGTGCTGTTCACCTGTTCCGCAGGAGAGTCGT,1,N58 after 16th
987,ACGACTGTCGGGGGCTGACAAAAGGAGCTGCTCCAGGCGCTATAACTGTGTCCCTCCGAATGCGTCGT,1,N58 after 16th
989,ACGACGGGGCACATTGTGTTATTCAGTTGTTCCGCAGGAGAGTCGT,1,N58 after 16th
990,ACGACCTCGGGAAGACCACCTAGGTATTCATGACCGGCTAGAGCTTTCATTGGTCGT,1,N58 after 16th
992,ACGACGGGGCACATTGTGCTGTCCATCTGTTCCGCAGGAGAGTTGTCGT,1,N58 after 16th
994,ACGACGGGGCACATTGTGCTATTCAGTTGTTCCGCAGGAGAGTCGTCCCGCCTTGCTATTCAGTTGTTCCGCAGGAGAGTCGT,1,N58 after 16th
995,ACGACGGGGCACATTGTGCTGTTCATGACCGTCTAGAGCTTTCATTGGTCGT,1,N58 after 16th
996,ACGACTTCGGGACGACGTGGCACATTGTGCTGTCCATCTGTTCCGCAGGAGAGTCGT,1,N58 after 16th
997,ACGACTGGGCACATTGTGCTGTCCATCTGTTCCGCAGTAGAGTCGT,1,N58 after 16th
998,ACGACGTGGCACATTGTGCTATTCAGTTGTTCCGCAGTAGAGTCGT,1,N58 after 16th
999,ACGACACCTAGGTATTCATGACCGTCTAGAGCTTTCATTGGTCGT,1,N58 after 16th
1000,ACGACCACCTAGGTATTCACGACCGTCTAGAGCTTTCATTGGTAGTCGT,1,N58 after 16th
1001,ACGACGGGGCACATTGTGCTGTCCATCTGTTCCACAGGAGAGTCGTCACGTCGT,1,N58 after 16th
1002,ACGACGGGGCAAATTGTGCTGTTCATCTGTTCCGCAGGAGAGTCGT,1,N58 after 16th
1003,ACGACCTCGGGCGGGACGACGTGGCACATTGTGCTATTCAGTTGTTCCGCAGGAGAGTCGT,1,N58 after 16th
1005,ACGACCTCCGGACGACGGGGCACATTGTGCTATTCAGTTGTTCCGCAGGAGAGTCGT,1,N58 after 16th
1011,ACGACGGGGCACATTGTGCTGTACATCTGTTCCGCAGGAGAGTCGTACCGTCGT,1,N58 after 16th
1014,ACGACGGGGCACATTGTGCTGTCCATCTGGTCCGCAGGAGAGTCGT,1,N58 after 16th
1015,ACGACCTAGGGACGACGGGGCACACTGTGCTGTCCATCTGTTCCGCAGGAGAGTCGT,1,N58 after 16th
1017,ACGACGGGGCACATCGTGCTGTTCATCTGTTCCGCAGGAGAGTCGT,1,N58 after 16th
1019,ACGACCGCCTAGGTATTCATGACCGTCTAGAGCTTTCATTGGTCGTCACGTCGT,1,N58 after 16th
1021,ACGACGGGGCACATTGTGCTGTTCATCTGTTCCACCGGAGAGTCGT,1,N58 after 16th
1022,ACGACCACGGGACGACGGGGCACATTGTGCTGTTCATCTGTTCCGCAGGAGAGTCGT,1,N58 after 16th
1024,ACGACCACCTAGGTATTCATGACCGTCTAGAGCTTTCATTGGTCGTCCCTCATCTCATTCAGTTTACAGTTTGGTCCATGAACAACCGAAAAAAGGGGAAGACGTCGT,1,N58 after 16th
1025,ACGACGGGGCACATTGTGCTGTTCATCTGTTCCGCAGGAGAGTCGTCCCGCCTAGCTATTCAGTTGTTCCGCAGGAGAGTCGT,1,N58 after 16th
1028,ACGACGGGGACACATTGTGCTGTCCATCTGTTCCGCAGGAGAGTCGT,1,N58 after 16th
1029,ACGACCACCTAGGTATTCATTACCGTCTAGAGCTTTCATTGGTCGTCCAGTCGT,1,N58 after 16th
1031,ACGACTCATGGGGGAGGGTACCCATAGAAGGGATAATGCACGTTTGGACAGACGAGCCCGGGTGTCGT,1,N58 after 16th
1032,ACGACGATGGGGCACATTGTGCTGTTCACCTGTTCCGCAGGAGAGTCGT,1,N58 after 16th
1034,ACGACATCGTGCGGTTGTTGCGCGTCACTGGTAGCCCAGTTGATGTACATCACGGGTAAGGGTGTCGT,1,N58 after 16th
1035,ACGACCACCTAGGTATTCATGACCGTCTAGAGCGTTCATTGGTCGT,1,N58 after 16th
1036,ACGACGGGGCACATTGCGCTATTCAGTTGTTCCGCAGGAGAGTCGT,1,N58 after 16th
1037,ACGACCACCTAGGTATTCATTACCGTCTAGAGCTTTCATTGGTCGTCCGTCGT,1,N58 after 16th
1040,ACGACTCGGGACGACGGGGCACATTGTGCTGTTCACCTGTTCCGCAGGAGAGTCGT,1,N58 after 16th
1042,ACGACCTAGGGACGACCACCTAGGTATTCATGACAGTCTAGAGCTTTCATTGGTCGT,1,N58 after 16th
1043,ACGACGGGGCACATTGTGCTGTCAATCTGTTCCGCAGGAGAGTCGTCCAGTCGT,1,N58 after 16th
1045,ACGACGGGGCACATTGTGCTGTCCATCTGTTCCGCAGGAGAGTCGCGTCGT,1,N58 after 16th
1046,ACGACCACCTAGGTATCCATGACCGTCTAGAGCTTTCATTGGTCGTCCGTCGT,1,N58 after 16th
1047,ACGACGGGGCACGTTGTGCTGTTCATCTGTTCCGCAGGAGAGTCGT,1,N58 after 16th
1048,ACGACGGGGCACATTGTGCTGTTCACCTGTTCCGCAGGAGAGTCGTCCCTAGTCTTCTCATTCCGTTTACAGTTTGGTCCTTGGGACTATGAACAACCGAAAAAAGGGGAAGACGTCGT,1,N58 after 16th
1049,ACGACCTCGTGACGACGGGGCACATTGTGCTGTCCATCTGTTCCGCAGGAGAGTCGTCCCTAGTCATCTATGAACAACCGAAAAAAGGTGAAGACGTCGT,1,N58 after 16th
1050,ACGACCTGGGACGACCACCTAGGTATTCATGACCGTCTAGAGCTTTAATTGGTCGT,1,N58 after 16th
1051,ACGACGGGGCACATTATGCTGTCAATCTGTTCCGCAGGAGAGTCGT,1,N58 after 16th
1055,ACGACCACCTAGGTATTCATGACCGTCAAGAGCTTTCATTGGTCGT,1,N58 after 16th
1056,ACGACGGGGCACATTGTGCTGTCCATCTGTTCCGCAGGAGAGTCGTCGCGTCGT,1,N58 after 16th
1060,ACGACTCAGTTTACAGTTTGGTCCTTGGAAACAACCGAAAAAAGGGGAAGACGTCGT,1,N58 after 16th
1061,ACGACCGTCGGGACGACCACCTAGGTATTCATGACCGTCTAGAGCTTTCATTGGTCGT,1,N58 after 16th
1069,ACGACCACCTAGGTATTCATGACCGTCTAGAGCTTTCATTGGTCGTCCCTAGTCATCTCTTCAGTTTACAGTTTGGTCCTTGGAATGAACAACCGAAAAAAGGGGAAGACGTCGT,1,N58 after 16th
1070,ACGACGCCGGGGCACATTGTGCTGTCCATCTGTTCCGCAGGAGAGTCGT,1,N58 after 16th
1074,ACGACCTAACCGAAAAAAGGGGAAGACGTCGT,1,N58 after 16th
1076,ACGACGGGGCACATTGTGCTGTTCATCTCTTCCTGAGGAGAGTCGT,1,N58 after 16th
1080,ACGACCTTGGGACGACGGGGCACATTGTGCTGTCCACCTGTTCCGCAGGAGAGTCGT,1,N58 after 16th
1081,ACGACGGGACACATTGTGCTGTCCATCTGTTCAGCAGGAGAGTCGT,1,N58 after 16th
1082,ACGACGGGGTACATTGTGCTGTTCACATGTTCCGCAGGAGAGTCGT,1,N58 after 16th
1087,ACGACGGGGCATATTGTGCTATTCAGTTGTTACGCAGGAGAGTCGT,1,N58 after 16th
1089,ACGACCACCTAGGTATTCATGAACGTATAGAGCTTTCATTGGTCGTCACGTCGT,1,N58 after 16th
1090,ACGACGGGGCACATTGTGCTGTCCATCTGTTACGCAGGAGAGTCGTCCAGTCGT,1,N58 after 16th
1097,ACGACCACCTAGGTATTCATCACCGTCTAGAGCTTTCATTGGTCGT,1,N58 after 16th
1100,ACGACCACCTAGGTATTCATGGCCGTCTAGAGCTTTCATTGGTCGTCCAGTCGT,1,N58 after 16th
1102,ACGACCTCTGGACGACCACCTAGGTATTCATGACCGTCTAGAGCTTCCATTGGTCGT,1,N58 after 16th
1103,ACGACCACCTATGTATTCATGACCGTCTAGAGCCTTCATTGGTCGT,1,N58 after 16th
1104,ACGACCTCTCGGGACGACCACCTAGGTATTCATGACCGTCTAGAGCTTTCATTGGTCGT,1,N58 after 16th
1107,ACGACGGGGCACATTGTGCTGTTCACCTGTTCCGCAGGAGAGTTGTCGT,1,N58 after 16th
1108,ACGACCACCAAGGTATTCATGACCGTCTAGAGCTTTCATTGGTCGT,1,N58 after 16th
1110,ACGACCACCTAGGTATTCATGACCGTCTAGAGCTTTAACTGGTCGT,1,N58 after 16th
1111,ACGACTGATCTCCTGGAGCCTCCCACCGCACCGTGTATTAGGTAGTGGATCTGGCCTGGGGTAGTCGT,1,N58 after 16th
1116,ACGACGTGGTAGTTTTTGATTTCCTTCTTTTGCTTTGTTTTGTCGT,1,N58 after 16th
1117,ACGACGGGGCGCATTGTGCTGTCCACCTGTTCCGCAGGAGAGTCGT,1,N58 after 16th
1119,ACGACGGGGCACATTCTGCTATTCAGTTGTTCCGCAGGAGAGTCGT,1,N58 after 16th
1120,ACGACCTCGTGACGACGGGGCACATTGTGCTGTCCATCTGTTCCGCGGGAGAGTCGT,1,N58 after 16th
1126,ACGACTCAGTTTACAGTTTGGTCCTTAATGAACAACCGAAAAAAGGGGAAGACGTCGT,1,N58 after 16th
1128,ACGACGGGGCACATTGTGCTGTACATCTGTTATGAACAACCGAAAAAAGGGGAAGACGTCGT,1,N58 after 16th
1129,ACGACCACGGACCGAGCATGAGGCATTGTGATCGTGCAGTCGTCGT,1,N58 after 16th
1131,ACGACCTAGGGACGACCACATAGGTATTCATGACCGTCTAGAGCTTTCATTGGTCGT,1,N58 after 16th
1132,ACGACCCTCGGGACGACGGGGCACATTGTGCTGTCCATCTGTTCCGCAGGAGAGTCGT,1,N58 after 16th
1136,ACGACCACCTAGGGATTCATGACCGTCTAGAGCTTTCATTGGTCGT,1,N58 after 16th
1138,ACGACTGCAGCGGGGGTATAAGAGGAGACCTCTTGGTAGAAATTGTTTCAACGCTACGGTCAGGTCGT,1,N58 after 16th
1140,ACGACGGGGCAACATTGTGCTATTCAGTTGTTCCGCAGGAGAGTCGT,1,N58 after 16th
1142,ACGACCGGGACGACGGGGCACATTGTGCTGTACATCTGTTCCGCAGGAGAGTCGT,1,N58 after 16th
1149,ACGACGGGGCACATTGTGCTCTCCATCTGTTCCGCAGGAGAGTCGT,1,N58 after 16th
1150,ACGACGGGGCACATTGTTCTGTACATCTGTTCCGCAGGAGAGTCGT,1,N58 after 16th
1151,ACGACGGGGCACATTGTGGTACTCTACCTCAAGACACGTGCTATTCAGTTGTTCCGCAGGAGAGTCGT,1,N58 after 16th
1152,ACGACCTCGGGGACGACGGGGCACATTGTGCTGTTCACCTGTTCCGCAGGAGAGTCGT,1,N58 after 16th
1155,ACGACCTAGGGACGACGGGGCACATTGTGCTGTCCATCTGTTCCGCAGGAGAGTCGTCCAGTCGT,1,N58 after 16th
1156,ACGACGGGGCACATTGCGCTGTTCATCTGTTCCGCAGGAGAGTCGT,1,N58 after 16th
1159,ACGACAACCTAGGTATTCATGACCGTCTAGAGCTTTCATTGGTCGTCCAGTCGT,1,N58 after 16th
1161,ACGACGTGGCACATTGTGCTATTCAGTTGTTCCGCAGGAGAGTTGTCGT,1,N58 after 16th
1164,ACGACGGGGCACATTGTGCTGTCCATCTGTTCCGCAGGAGCGTCGT,1,N58 after 16th
1165,ACGACGGGGCACATTGTGCTGTCCAGCTGTTCCGCAGGAGAGTCGT,1,N58 after 16th
1169,ACGACATCGGGACGACCACCTAGGTATTCATGACCGTCTAGAGCTTTCATTGGTCGTCACGTCGT,1,N58 after 16th
1171,ACGACCACCTAGGTATTCATGACCGTCTAGAGCTTTCATTGGTCGTCGCGTCGT,1,N58 after 16th
1176,ACGACCTCGGGAGGACCACCTAGGTATTCATGACCGTCTAGAGCTTTCATTGGTCGT,1,N58 after 16th
1177,ACGACTACCACCTAGGTATTCATGACCGTCTAGAGCTTTCATTGGTCGCGTCGT,1,N58 after 16th
1178,ACGACGTGGCACATTGTGCTGTCCATCTGTTCCGCAGTAGAGTCGT,1,N58 after 16th
1180,ACGACCTCAGGACGACGGGGCACATTGTGCTGTCCATCTGTTCCGCAGGATAGTCGT,1,N58 after 16th
1181,ACGACTGGGCACATTGTGCTATTCAGTTGTTCCGCAGGAGAGTCGTCCCGCCTAGCTATTCAGTTGTTCCGCAGGAGAGTCGT,1,N58 after 16th
1184,ACGACCACCTAGGTATTCATGACCGACTAGAGCTTTCATTGGTCGT,1,N58 after 16th
1186,ACGACCTCGGGAGGTCGGGGCACATTGTGCTGTCCATCTGTTCCGCAGGAGAGTCGT,1,N58 after 16th
1191,ACGACCTCGGAACAGATGGACAGCACAATGTGCCCCGTCGT,1,N58 after 16th
1192,ACGACCACCTAGGTATTTCATGACCGTCTAGAGCTTTCATTGGTCGT,1,N58 after 16th
1194,ACGACGGGGCACATTGTGCTATTCAGTTGTTCCGCAGGAGAGTCGTCCCGCCTAGTTATTCAGTTGTTCCGCAGGAGAGTCGT,1,N58 after 16th
1195,ACGACGGGGCACATTGTGCTGTCTATCTGTTCAGCAGGAGAGTCGT,1,N58 after 16th
1197,ACGACCACCTAGGTATTCATGACCGTCTAGAGCTTACATTGGTCGT,1,N58 after 16th
1199,ACGACGGGGCACATTGTGCTATTAAGTTGTTCCGCAGGAGAGTCGTCACGTCGT,1,N58 after 16th
1202,ACGACGGGGCACATTGTGTCTAGTCATACACATTCCAGTGCTATTCAGTTGTTCCGCAGGAGAGTCGT,1,N58 after 16th
1204,ACGACCACCTAGGTATTCATGACCGTCTAGAGAGTCGTCCCGCCTAGCTATTCAGTTGTTCCGCAGGAGAGTCGT,1,N58 after 16th
1206,ACGACCGCCTATACAGCTCGTTCAGCGTTATTCAAGGTTGAAATGGAAGGCTGGATTGCTGCTGTCGT,1,N58 after 16th
1207,ACGACGGGGCACATTGTGCTATTCAGTTGTTCCGCAGGAGAGTCGTCCCGCCTAGCTATTCAATTGTTCCGCAGGAGAGTCGT,1,N58 after 16th
1208,ACGACAACCTAGGTATTCATGACCGTCTAGAGCTTTAATTGGTCGT,1,N58 after 16th
1210,ACGACGGGGCACATTGTACTGTCCATCTGTTCCGCAGGAGAGTCGT,1,N58 after 16th
1212,ACGACCACCTAGGTATTCATGACCGTCTAGAGCCTTCATTGGTCGTCACGTCGT,1,N58 after 16th
1213,ACGACGGGTCAGATTGTGCTGTTCACCTCTTCCGGAGGAGAGTCGT,1,N58 after 16th
1216,ACGACCTGGGACGACCACCTAGGTATTCATGACCGTCTAGAGCTTTCATTGGTCGTACCGTCGT,1,N58 after 16th
1220,ACGACCTGGGACGACCACCTAGGTATTCATGACCGTCTAGAGCTTTCATTGGTAGTCGT,1,N58 after 16th
1222,ACGACGGGGCACATTGTGCTGTCCACCTGTTCCGCAGTAGAGTCGT,1,N58 after 16th
1223,ACGACCTCTGGACGACGGGGCACATTGTGCTGTTCAGTTGTTCCGCAGGAGAGTCGT,1,N58 after 16th
1226,ACGACCTCGGACGACGGGGCACATTGTGCTGTTCAGTTGTTCCGCAGGAGAGTCGT,1,N58 after 16th
1227,ACGACCTAGGGACGACGGGGCACACTGTGCTGTTCACCTGTTCCGCAGGAGAGTCGT,1,N58 after 16th
1228,ACGACCTCGGACGACCACCTAGGTATTCATGACCGTCTATAGCTTTCATTGGTCGT,1,N58 after 16th
1229,ACGACGGGGCACATTGTGCTGTCCATCTGTTCCGCAGGAGAGTAGTCTCGTCGT,1,N58 after 16th
1230,ACGACTCTCCTGCGGAACAGATGGACAGCACAATGTGCCCCGTCGT,1,N58 after 16th
1231,ACGACGGGGCACATTGTGCTGTTCACCTGTTCCGCAGGAGAGTCGTACCGTCGT,1,N58 after 16th
1232,ACGACGGGGCACATTGTACTGTACATCTGTTCCGCAGGAGAGTCGT,1,N58 after 16th
1233,ACGACGGGGCACATTGTGCTGTTCACCTGTTCAGCAGGAGAGTCGT,1,N58 after 16th
1234,ACGACTACCACCTAGGTATTCATGACCGTCTAGAGCTTTCATTGGTCGTCCTGTCGT,1,N58 after 16th
1237,ACGACCACCTAGGTATTCATGACCGTCTAGAGCTTTCATTGGTCGTCCCTAGTCGT,1,N58 after 16th
1239,ACGACCCGGGACGACGGGGCACATTGTGCTGTCCATCTGTTCCGCAGGTGAGTCGT,1,N58 after 16th
1241,ACGACATCGGGACGACCACCTAGGTATTCATGACCGTCTAGAGCTTTCATTGGTAGTCGT,1,N58 after 16th
1242,ACGACCACCTGTTCCGCAGGAGAGTCGTCCAGTCGT,1,N58 after 16th
1246,ACGACCACCTAGGTATTCATGACCGTCAAGAGCCTTCATTGGTCGT,1,N58 after 16th
1248,ACGACGATGGGGCACATTATGCTGTTCATCTGTTCCGCAGGAGAGTCGT,1,N58 after 16th
1249,ACGACGGTGCACATTGTGCTGTTCATCTGTTCCGCAGGAGAGTCGT,1,N58 after 16th
1250,ACGACCAGCTAGGTATACATCAACGTATATAGCTATCAATCGTCGT,1,N58 after 16th
1251,ACGACTGGGCACATTGTGCTGTCCATCTGTTCCGCAGGAGAGTCGTCCCGCCTAGCTATTCAGTTGTTCCGCAGGAGAGTAGTCGT,1,N58 after 16th
1252,ACGACTCAGTTTACAGTTTGGTAATGAACAACCGAAAAAAGGGGAAGACGTCGT,1,N58 after 16th
1253,ACGACCTCGCTCGGGACGACCACCTAGGTATTCATGACCGTCTAGAGCTTTCATTGGTCGT,1,N58 after 16th
1254,ACGACGGGGCACATTGTACTATTCAGTTGTTCCGCAGGAGAGTCGT,1,N58 after 16th
1255,ACGACCTCAGGACGACCACCTAGGTATTCATTACCGTCTAGAGCTTTCATTGGTCGT,1,N58 after 16th
1260,ACGACGGGGCACATTGTGCTGTACATCTGTTCCGCAGGAGAGTCGTCCGTCGT,1,N58 after 16th
1261,ACGACCACCTAGGTATTCATGACCGTCTAGAGCTTTCATTGTAAAGGGGAAGACGTCGT,1,N58 after 16th
1262,ACGACCAATGAAAGCTCTAGACTGTCATGAATACCTAGGTGGTCGT,1,N58 after 16th
1263,ACGACGGGGCACATTGTGCTATTCAGTTGTTCCACAGGAGAGTCGT,1,N58 after 16th
1264,ACGACGTGGCACATTGTGCTATTCATTTGTTCCGCAGGAGAGTCGT,1,N58 after 16th
1265,ACGACGGGGGACATTGTGCTGTTCACCTGTTCCGCAGGAGAGTCGT,1,N58 after 16th
1266,ACGACCTAGGGACGACGGGGCACATTGTGCTGTACATCTGTTCCGCAGGAGAGTCGT,1,N58 after 16th
1267,ACGACCTCGGTACGACGGGGCACATTGTGCTGTTCACCTGTTCCGCAGGAGAGTCGT,1,N58 after 16th
1270,ACGACCTCGGGGCACATTGTGCTATTCAGTTGTTCCGCAGGAGAGTCGT,1,N58 after 16th
1272,ACGACGGGGCACAATGTGCTATTCAGTTGTTCCGCAGGAGAGTCGT,1,N58 after 16th
1273,ACGACGGGGCACATTGTGCTGAACATCTGTTCCGCAGGAGAGTCGTACCGTCGT,1,N58 after 16th
1274,ACGACGGGGCTCATTGTGCTGTCCATCTGTTCCGCAGGAGAGTCGT,1,N58 after 16th
1276,ACGACGGGGCACATTGTGCTGTTCACCTGTTCCGCCGGAGAGTAGTCGT,1,N58 after 16th
1278,ACGACGGGGCACATTGTACACATTAGTGACGATATCAGTGCTATTCAGTTGTTCCGCAGGAGAGTCGT,1,N58 after 16th
1284,ACGACCTCGTGACGACGGGGCACATTGTGCTGTCCATCTGTTCCGCAGGAGAGTCGTCCCTAGTCATCCATTCAGTTTACAGTTTGGTCCTTGGGATGAACAACCGAAAAAAGGGGAAGACGTCGT,1,N58 after 16th
1285,ACGACGGGGCACATTGTGCTGTCCATCTGTTCCGCATGAGAGTCGTCACGTCGT,1,N58 after 16th
1287,ACGACGGGGCACATTGTGCTATTCAGTTGTTCCGCATGAGAGTCGTCCCGCCTAGCTATTCAGTGTTCCGCAGGAGAGTCGT,1,N58 after 16th
1288,ACGACCACCTAGGTATTCATGACCGTCTAGAGCTTTCACTGGTAGTCGT,1,N58 after 16th
1289,ACGACGGGGCACATTGTGCTGTTTACCTGTTCCGCAGGAGAGTCGT,1,N58 after 16th
1293,ACGACGCCCACCTAGGTATTCATGACCGTCTAGAGCTTTCATTGGTCGT,1,N58 after 16th
1294,ACGACCTCCGGACGACGGGGCACATTGTGCTGTCCATCTGTTCCGCAGGAGAGTCGT,1,N58 after 16th
1298,ACGACCACCTAGGTATTCATGACCGTCTGTTCCGCAGGAGAGTCGT,1,N58 after 16th
1299,ACGACCACCTAGGTATTCATTACCGTCTAGAGCTTTCACTGGTCGT,1,N58 after 16th
1304,ACGACCACCTAGGTATTCATGACCGTCTAGAGCTTTCTTTGGTCTGTCGT,1,N58 after 16th
