,name,sequence,times
0,SRTN01​,gggacgacAACCCTGATAACTACATCCGTGTTATCTCGGAATGTgtcgtccc,1
1,SRTN02​,gggacgacGACCTTGTTGAACATGAATGGTGAAACTCAGCATGCgtcgtccc,1
2,SRTN03​,gggacgacGACCCTGATTGTGGTATAGTCATAATCTCGGAATGCgtcgtccc,1
3,SRTN04​,gggacgacTGGTAGGCAGCAGGGGAAGAGACTTGGTGTCTCGTGGgtcgtccc,1
4,SRTN08​,gggacgacTCAGCATGCTCATTAACGAACGTATAATGAGACCTTgtcgtccc,1
5,SRTN09​,gggacgacGACCCTGTTATTCATTCATGTCATAACTCGGAATGCgtcgtccc,2
6,SRTN14​,gggacgacAGGGGCATATATAGTCTAGGGTTTGGTGTGGGTAGTgtcgtccc,2
7,SRTN16​,gggacgacTGGTAGGCAGCAGGGGAAGTTCCAGCGAGAACGTGGgtcgtccc,1
8,SRTN18​,gggacgacTGGTAGGCAGATAGGGGAAGCTGATTCGATGCGTGGgtcgtccc,1
9,SRTN19​,gggacgacGTGATGACCCTGTTTCTTAAACTCGGAATGCTGAATgtcgtccc,1
10,SRTN21​,gggacgacCAGTAGGGGATCCACAGTGAGGGGTTTGTATGGGTGgtcgtccc,1
11,SRTN22​,gggacgacGCGACCTTGAGTTGTTTGTCCACTCTCAGCATGCGTgtcgtccc,1
12,SRTN23,gggacgacTGGTAGGCAGCAGGGGAAGTAGGCGTGTCCTCGTGGgtcgtccc,3
13,SRTN24​,gggacgacGCTGGTAGGCTGTCAGGGGAAGCTTTCAGCGTGGGCgtcgtccc,1
14,SRTN01​_seed_0,gggacgacAATCCTGATAACTACAGCCGTGTTGTGTCGGAATGTgtcgtccc,0
15,SRTN02​_seed_0,gggacgacGACCTTGTTGAACCTGAATGGTTAAACTCAGCATGCgtcgtccc,0
16,SRTN03​_seed_0,gggacgacGACCCTAATTGTGGTATAGGCATAATCTCGGAATACgtcgtccc,0
17,SRTN04​_seed_0,gggacgacTGGTAGGCAGCAGAGGAAGATAGTTGGGGTCTCGTGGgtcgtccc,0
18,SRTN08​_seed_0,gggacgacTCAGCCTGCTCATTAACGAACGTATTATGAGACCTTgtcgtccc,0
19,SRTN09​_seed_0,gggacgacGACCCTGTTTTTGAAACATGTCATAACTCGGAATGCgtcgtccc,0
20,SRTN14​_seed_0,gggacgacAGGGGCTTATATAGTCTAGCGTTTGGTGTGGATAGTgtcgtccc,0
21,SRTN16​_seed_0,gggacgacTGGTATGCAGCAGGGGAATTTCCACCGACAACGTGGgtcgtccc,0
22,SRTN18​_seed_0,gggacgacTGATAGGCAGAAGGGGCAAGCTGATTCGATGCGTGGgtcgtccc,0
23,SRTN19​_seed_0,gggacgacGTTATCACCGTGTTTCTTAAACTCGGAATGCTGACTgtcgtccc,0
24,SRTN21​_seed_0,gggacgacCAGTAGGGGATCCACAGAGAGGGGTTTGTATAGGTGgtcgtccc,0
25,SRTN22​_seed_0,gggacgacGCGACCTTGAGTAGTCTGTCCTCTCTCAGCAAGCGTgtcgtccc,0
26,SRTN23_seed_0,gggacgacTGGTAGGCAGAAGGGGAAGTACGAGTGCCCTCGTGGgtcgtccc,0
27,SRTN24​_seed_0,gggacgacGGAGATAGGCTGTCAGGGGAAGCTTTCAGCGTGGCCgtcgtccc,0
28,SRTN01​_seed_1,gggacgacAACCGTGGGAACTACAGCCGTGTTATCTCGGAATGTgtcgtccc,0
29,SRTN02​_seed_1,gggacgacGGCCTTGTTGAACGTGAATGGTGAAACTCAGAATGCgtcgtccc,0
30,SRTN03​_seed_1,gggacgacGACCCTAATTGTGGAATAGTAATAATCTCGGAATGCgtcgtccc,0
31,SRTN04​_seed_1,gggacgacTCGTAGGCAGCAGGGGAAGAGACTCGGGGTCTCGTGGgtcgtccc,0
32,SRTN08​_seed_1,gggacgacTCAGCATGCTCATTGACGCACGAATAATGAGACCTTgtcgtccc,0
33,SRTN09​_seed_1,gggacgacGACCCTGCTATTCATTCAGGTTATAACTCGGATTGCgtcgtccc,0
34,SRTN14​_seed_1,gggacgacAGGGGCATATATAGTCTAGGGTTTGGTGTGGGCAGTgtcgtccc,0
35,SRTN16​_seed_1,gggacgacTGGTAGGCAGCAGGGGAAGTTCCCGCGATAACGTGGgtcgtccc,0
36,SRTN18​_seed_1,gggacgacTGCTAGGCAGATAGGGGAAGCTGATTCGATCTGTGGgtcgtccc,0
37,SRTN19​_seed_1,gggacgacTTGATGACCCTGTTGCTTAAACTCGGAATGCTCAATgtcgtccc,0
38,SRTN21​_seed_1,gggacgacGAGTAGGGGATCCACAGCGAGGGGATTGTCTGGGTGgtcgtccc,0
39,SRTN22​_seed_1,gggacgacGCGACCTTGAGTTGTTTGTCCACGCTCAGCGTGCGTgtcgtccc,0
40,SRTN23_seed_1,gggacgacAGGTAGGCAGCAGGGGAAGTACGCGTGTCCTCGTCGgtcgtccc,0
41,SRTN24​_seed_1,gggacgacGCGGGAAGGCTATCAGAGGAAGCTTTCAGCGTGGGCgtcgtccc,0
42,SRTN01​_seed_2,gggacgacAACTCTGATAACTACATCCGTGTCATCTCGGAATGTgtcgtccc,0
43,SRTN02​_seed_2,gggacgacGACCTTGTTGTACATGAATGGTGAATCGCAGCATGCgtcgtccc,0
44,SRTN03​_seed_2,gggacgacGGCCCTGATTGTGGTATAGTCATGATCTCCGAATGCgtcgtccc,0
45,SRTN04​_seed_2,gggacgacTCGTAGGCAGCTGGCTAAGAGACTTGGTGTCTCGTGGgtcgtccc,0
46,SRTN08​_seed_2,gggacgacTCAGCATGCTCTTTAACGAACGTATAGTTAGATCTTgtcgtccc,0
47,SRTN09​_seed_2,gggacgacGACCCTGTTACTCATTCATGTCATAGCTCTGAAGGCgtcgtccc,0
48,SRTN14​_seed_2,gggacgacAGGGGCATATATAGTCTAGGGTTTGGTGTCGTCAGTgtcgtccc,0
49,SRTN16​_seed_2,gggacgacTGGTAGGCAGCAGGGGAAGTTCCAGCGAGAGCCGGGgtcgtccc,0
50,SRTN18​_seed_2,gggacgacTGGTAGGCAGATAGGGGAAGCAGCTTCGATGCATGGgtcgtccc,0
51,SRTN19​_seed_2,gggacgacGTGCTGCCCCTGTTCCTTAAACTCGGAATGCTGAATgtcgtccc,0
52,SRTN21​_seed_2,gggacgacCACTAGGGGATCCACAGTGAGGGATTTCTATGGGTGgtcgtccc,0
53,SRTN22​_seed_2,gggacgacGTGATATAGAGTTGTTTGTCCACTCTCAGCATGCGTgtcgtccc,0
54,SRTN23_seed_2,gggacgacTGGTAGGCAGGAGGGGAAGTAGGCGTGTCCTCGCGGgtcgtccc,0
55,SRTN24​_seed_2,gggacgacTCTGGTAGGATGTCAGGGGAAGGTTTCAGCGTGGGCgtcgtccc,0
56,SRTN01​_seed_3,gggacgacAACCCTGAAAACTACGTCCGTGTGATCTCGGAATATgtcgtccc,0
57,SRTN02​_seed_3,gggacgacGACCTTGTTGAACAGGGATGGTGAAACTCACCATGCgtcgtccc,0
58,SRTN03​_seed_3,gggacgacTACCCTGATAGTGGTATAGTCATAATCTCGGAACGCgtcgtccc,0
59,SRTN04​_seed_3,gggacgacTGGTAGGCAGCAGGGGAGGAGACTCGGTGTGTCGTGGgtcgtccc,0
60,SRTN08​_seed_3,gggacgacTCTGCACGGTCATTAACGAACGTGTAATGAGACCTTgtcgtccc,0
61,SRTN09​_seed_3,gggacgacGACCCTGTTATTCATTCATTTCATTAGTCGGACTGCgtcgtccc,0
62,SRTN14​_seed_3,gggacgacAAGGGCATATTTAGTCTCGGTTTTGGTGTGGGTAGTgtcgtccc,0
63,SRTN16​_seed_3,gggacgacTGGTACGTAGCAGGGGAAGTTCCAGCGAGAGCGTGGgtcgtccc,0
64,SRTN18​_seed_3,gggacgacTAGTAGGCAGATAGGGGAAGCTGATTGAATGCGTGGgtcgtccc,0
65,SRTN19​_seed_3,gggacgacGTGATGACCCTGTTTATTAAAATCGGAATGCTAAATgtcgtccc,0
66,SRTN21​_seed_3,gggacgacCATTAGGGGATCCACAGTGAGGGGTTTGTATGGGTGgtcgtccc,0
67,SRTN22​_seed_3,gggacgacGCCACCTTGAGTTGTTTGTCGGCGCTCAGCATGCGTgtcgtccc,0
68,SRTN23_seed_3,gggacgacTGGTAGCCAGCAGGGGAAGTAGGCGTGTCCTCTTGGgtcgtccc,0
69,SRTN24​_seed_3,gggacgacGCTGGTAGGCTGTCAGAGGTAGCTTTCTGCGTGGGCgtcgtccc,0
70,SRTN01​_seed_4,gggacgacAACCCTAATAACTACGTCCCTGTTAACTCGGAATGTgtcgtccc,0
71,SRTN02​_seed_4,gggacgacGCCCTTGTTGAACATGAATGGTGAATCTCAGCATGCgtcgtccc,0
72,SRTN03​_seed_4,gggacgacGCCCCTTATTGTGCTATAGTCATAATCTCGGAATGCgtcgtccc,0
73,SRTN04​_seed_4,gggacgacTGGTACGCAGCAGGGGAAGTGACCTGGTGTCTCGTGGgtcgtccc,0
74,SRTN08​_seed_4,gggacgacTCAGCTTGCTCATTATCTAACGTATAATGAAACCTTgtcgtccc,0
75,SRTN09​_seed_4,gggacgacGACCCTGTTATTGATTCATGTCATAAGCCGGATTGCgtcgtccc,0
76,SRTN14​_seed_4,gggacgacAGTGGCATATATAGACGAGAGTTTGGTGTGGGTAGTgtcgtccc,0
77,SRTN16​_seed_4,gggacgacTGGTAGGCAGCAGGGGAAGTTGCAGCGAGAACGCCGgtcgtccc,0
78,SRTN18​_seed_4,gggacgacTGGTAGGCAGACTGGGGTAGCTGATTCGGTGCGTGGgtcgtccc,0
79,SRTN19​_seed_4,gggacgacGTGATGCCCCTGTTTCTTAATCTCGGAATGCTGAATgtcgtccc,0
80,SRTN21​_seed_4,gggacgacCTGTAGGGGATACACAGTTAGGGGTTTGTATGGGTGgtcgtccc,0
81,SRTN22​_seed_4,gggacgacGAGACCTTGCGTTGTTTGTCGACTCTCAGCATGCGTgtcgtccc,0
82,SRTN23_seed_4,gggacgacTGGTAGGCTGCAGGGGAACTAGGCGTGTGCTCGTGGgtcgtccc,0
83,SRTN24​_seed_4,gggacgacGCTGGTAGGCAGTCAGGGGAAGCTTTCAGTGTGGGCgtcgtccc,0
84,SRTN01​_seed_5,gggacgacACCCCTGATAACTACAGCCGTGCTATCTCGGAAAGTgtcgtccc,0
85,SRTN02​_seed_5,gggacgacGACCTTGGTGAACATAAATGGTGAAACTCACCATGCgtcgtccc,0
86,SRTN03​_seed_5,gggacgacGACCCTGATTGCGGTATAGTCATAATCTCGGAATGCgtcgtccc,0
87,SRTN04​_seed_5,gggacgacCGGTAGGCCGCAGTGGAAGAGACTTGGTCTCTCGTGGgtcgtccc,0
88,SRTN08​_seed_5,gggacgacTCAGCATGCTCACTAACGAACGTATAATGAGACCGTgtcgtccc,0
89,SRTN09​_seed_5,gggacgacGCCCCTGTTATTCATTCATGTCATAAATCGGAATGCgtcgtccc,0
90,SRTN14​_seed_5,gggacgacTGGGGCATATATAGTCTAGTGTTTGGTGTGGGTAGTgtcgtccc,0
91,SRTN16​_seed_5,gggacgacTGGGAGGCAGCAGGGGAAGTTCCAGCGAGATCGTGGgtcgtccc,0
92,SRTN18​_seed_5,gggacgacTAGTAGGCAGATAGGGGAAGCTGACTGGATGCGTGGgtcgtccc,0
93,SRTN19​_seed_5,gggacgacGTGATGATCCTGTTTTTTAAACTCGGAATGCTGAATgtcgtccc,0
94,SRTN21​_seed_5,gggacgacCATTAGGGGATCCACAGTCAGGGATTTGTATGGGTGgtcgtccc,0
95,SRTN22​_seed_5,gggacgacGCGACCTTGTGTTGTTTGTCCTCACTCAGCATTCGTgtcgtccc,0
96,SRTN23_seed_5,gggacgacTGGTACGCAACGGGGGAAGTAGGCGTGTCCTCGTGGgtcgtccc,0
97,SRTN24​_seed_5,gggacgacGCGGGCAGGCTGTCAGGGGAAGCTTTCAGCGTGGTCgtcgtccc,0
98,SRTN01​_seed_6,gggacgacAATCCAGATAACTACAGCCGTGTTATCTCGGCATGTgtcgtccc,0
99,SRTN02​_seed_6,gggacgacGGCCTTGTTGAACATGAATGCTGAAACTCAGCATGCgtcgtccc,0
100,SRTN03​_seed_6,gggacgacGACCCTGATTGTGGTAAAGTCTTAATCGCGGAATGCgtcgtccc,0
101,SRTN04​_seed_6,gggacgacTGGTAGACAGCACGGGAATAGACTTGGTATCTCGTGGgtcgtccc,0
102,SRTN08​_seed_6,gggacgacTTAGCATGCTCACTAACGAACGTATAATGAGTGCTTgtcgtccc,0
103,SRTN09​_seed_6,gggacgacGACCCTGATATTCATTCATGTCCTAACTCGGATTGCgtcgtccc,0
104,SRTN14​_seed_6,gggacgacAGGGGCATATATCGCCTAGGGTTTCGTGTGAGTAGTgtcgtccc,0
105,SRTN16​_seed_6,gggacgacTGGTAGGCAGTAGGGGAAGTTGCAGCGAGAACGTGGgtcgtccc,0
106,SRTN18​_seed_6,gggacgacTGGAAGGCGGAGAGGGGAAGCTGATTCGATGGGTGGgtcgtccc,0
107,SRTN19​_seed_6,gggacgacGTGATGACCCTGTTTATTAAACTCTGAAGGCTGAATgtcgtccc,0
108,SRTN21​_seed_6,gggacgacCAGTAGGGGATCCACAGAGAGGGGTTGGTATGGGTGgtcgtccc,0
109,SRTN22​_seed_6,gggacgacGTGACCTTGAGTTGTTGGTCCACTCTCAGCATGCCTgtcgtccc,0
110,SRTN23_seed_6,gggacgacTGGTAGGCAGCAGGGGTAGTAGGCGTGTCCTCGGGGgtcgtccc,0
111,SRTN24​_seed_6,gggacgacGCTGGTAGGGTGTCAGGGGAAGCTTTCAGCGTGGGCgtcgtccc,0
112,SRTN01​_seed_7,gggacgacAACACTGATAACTACATCCGAGTTATCTCGGAATGTgtcgtccc,0
113,SRTN02​_seed_7,gggacgacGAACTCGTTGAACGTGAATGGTGAAACTCAGCGTGCgtcgtccc,0
114,SRTN03​_seed_7,gggacgacGACGCCGATTGTGGTATAGTCATAATCACGGAATGCgtcgtccc,0
115,SRTN04​_seed_7,gggacgacTGGTAGGCAGCAGGTGAAGAGACTTGGTGTCTCGTCGgtcgtccc,0
116,SRTN08​_seed_7,gggacgacTCAGCAAGCTCAATAACGATCGTATAATGAGACCTTgtcgtccc,0
117,SRTN09​_seed_7,gggacgacGACCCTGTTATTCTTTCATGTCATAACTCGGGATGCgtcgtccc,0
118,SRTN14​_seed_7,gggacgacAGGGGGATATATAGTGTAGTGTTTGGTGTGGGTAGTgtcgtccc,0
119,SRTN16​_seed_7,gggacgacTGGTCGGTAGCAGGGGAAGTTCCAGCGAGAACCTGGgtcgtccc,0
120,SRTN18​_seed_7,gggacgacTGTTGGGCAGATAGGGGAAGCTGATTTGATGTGTGGgtcgtccc,0
121,SRTN19​_seed_7,gggacgacGTGAAAACCCTGTTTCTTAAACTCGGAATGCTGAATgtcgtccc,0
122,SRTN21​_seed_7,gggacgacCAGTAGGGGATCCACAGTGAGGCGTTTGAATGGGTGgtcgtccc,0
123,SRTN22​_seed_7,gggacgacGCGCCCTTGAGTTGTTTGTCCACTCTCAGCACGCGTgtcgtccc,0
124,SRTN23_seed_7,gggacgacTGGTATGCAGCAGGGGAAGTAGGCGGGTCCTGGTGGgtcgtccc,0
125,SRTN24​_seed_7,gggacgacGCTGGTAGGCTGTCAGGCGAAGATTTCGGCGTGGGCgtcgtccc,0
126,SRTN01​_seed_8,gggacgacAACCCTGACAACTACATCCGTGTAATCTCGGAATGTgtcgtccc,0
127,SRTN02​_seed_8,gggacgacGACCTTGTTGAACGTAAATGGTGAAGCTCAGCGTGCgtcgtccc,0
128,SRTN03​_seed_8,gggacgacGACCCTGATTGTCGTATAGTCATAAACTCGGGATGCgtcgtccc,0
129,SRTN04​_seed_8,gggacgacTGGTAGGCAGCAGGGGAGGAGACTTGTTGTATCATGGgtcgtccc,0
130,SRTN08​_seed_8,gggacgacTCAGTAAGCTCATTAACGAACGTACAATGAGACCTTgtcgtccc,0
131,SRTN09​_seed_8,gggacgacGACCCTGTTCTTCGTTCATGTCATAACTCGGAAAGCgtcgtccc,0
132,SRTN14​_seed_8,gggacgacAGGGGCATATATAGTCTACGGTATGGTGCGGGTAGTgtcgtccc,0
133,SRTN16​_seed_8,gggacgacTGGTAGGCAGCAGGGGAAGTTCCAGCGAGAATGTCGgtcgtccc,0
134,SRTN18​_seed_8,gggacgacTGGTAGGCAGATAGGGGATGCTGATTCGATGCCCGGgtcgtccc,0
135,SRTN19​_seed_8,gggacgacGTGATGACCCTGTTTCTGAAAGTCGGAATGCTGAATgtcgtccc,0
136,SRTN21​_seed_8,gggacgacCAGTAGGGGATACACAGTGAGGGGTCCGTATGGGTGgtcgtccc,0
137,SRTN22​_seed_8,gggacgacGCGACCTCGAGTTGTTTGTTCACTCTCAGCATGCGTgtcgtccc,0
138,SRTN23_seed_8,gggacgacTGGTAGGCGGCAGGGGAAGTAGGCGTATACTCGTGGgtcgtccc,0
139,SRTN24​_seed_8,gggacgacGCCGGGTGGCTGTCAGGGAAAGCTTTCAGCGTGGGCgtcgtccc,0
140,SRTN01​_seed_9,gggacgacAACCCTGAGAACTACATTCGTGTAATCTCCGAATGTgtcgtccc,0
141,SRTN02​_seed_9,gggacgacGAGCTCGTTGAACATGAATGGGGACACTCAGCATGCgtcgtccc,0
142,SRTN03​_seed_9,gggacgacGACGCTGATTCTGGTATAGTCATAATCTCGGAATGCgtcgtccc,0
143,SRTN04​_seed_9,gggacgacTGGTAGGCAGCAGTCGAAAAGACTTGGTGTCTCGTGGgtcgtccc,0
144,SRTN08​_seed_9,gggacgacTCAGCATGCTCAGTAACAAACGTATAATGAGACCTTgtcgtccc,0
145,SRTN09​_seed_9,gggacgacGACCCTGTAATTCATACATGTCATAACTCGGGATGCgtcgtccc,0
146,SRTN14​_seed_9,gggacgacAGGGGGATATATCGTCTAGGGATTGGTGTGGGTAGTgtcgtccc,0
147,SRTN16​_seed_9,gggacgacTGGTCGGCAGCACGGGAAGTTCCAGCAAGAACGTGGgtcgtccc,0
148,SRTN18​_seed_9,gggacgacTGTAAGGCAGACAGGGGAAGCTGATTCGATGCGTGGgtcgtccc,0
149,SRTN19​_seed_9,gggacgacGTGATGACCCAGTTTTTTAAACTCGAAATGCTTAATgtcgtccc,0
150,SRTN21​_seed_9,gggacgacCAGTAGGGGATCCGCAGTGAGGGCTTTGAATGGGTGgtcgtccc,0
151,SRTN22​_seed_9,gggacgacCCGACCTTGAGTTGTTTGTCCCCTCTCGGCATGCGTgtcgtccc,0
152,SRTN23_seed_9,gggacgacTGGTAAGCAGCAGGGGAAGAAGGCGTGTCCTCGTGGgtcgtccc,0
153,SRTN24​_seed_9,gggacgacGCTGGTAGGCTGTCAAGGGAAGCTTTCAGCGGGGGCgtcgtccc,0
154,pSRTN-05​,gggacgacAGGGGCAGATATAGTCTAGGGTTTGGTGTGGGTAGTgtcgtccc,4
155,pSRTN-12​,gggacgacTGGTAGGCAACAGGGGAAGGGAGTTCTGCGTACGTGGgtcgtccc,3
156,pSRTN-07​,gggacgacTGGTAGGCGTCAGGGGAAGGGAGTTCTGCGTACGTGGgtcgtccc,2
157,pSRTN-15​,gggacgacGGAGGTGGTGTCTTGGACAGTGGTATTCGCAGTTGCgtcgtccc,2
158,pSRTN-04​,gggacgacGGCCTGACAGTGCTTACTTGGTTCAGGGGTTAGGGGgtcgtccc,1
159,pSRTN-14​,gggacgacAGGGGGTAGGTTTGGGTGCTTAGGCATGTGGGTAgtcgtccc,1
160,pSRTN-16​,gggacgacTGGTAGGCGCCAGGGGAAGGGAGTTCTGCGTACGTGGgtcgtccc,1
161,pSRTN-19​,gggacgacTGGTAGGCTTCAGGGGAAGGGGCTTGGTGCCTCGTGGgtcgtccc,1
162,pSRTN-21​,gggacgacAGAGACGGGGTGCTTACTTGGTTCAGGGGAGTCGACgtcgtccc,1
163,pSRTN-05​_seed_0,gggacgacAGTGGCAGATATAGTCGAGGGTTTGGGGTGGGTAGTgtcgtccc,0
164,pSRTN-03_seed_0,gggacgacCAGTAGGGTATCCCCAGTGAGGTGTTTGTATGAGTGgtcgtccc,0
165,pSRTN-12​_seed_0,gggacgacTGGTAGACATCAGGGGAAGGGAGTTCTGCGTACGAGGgtcgtccc,0
166,pSRTN-07​_seed_0,gggacgacTGGTAGGCGTCAGAGGAAGGTAGTTCTGCGTACGTGGgtcgtccc,0
167,pSRTN-15​_seed_0,gggacgacTGAGGCGGTGTCTTGGACAGTGGTATTCGCAATTGCgtcgtccc,0
168,pSRTN-04​_seed_0,gggacgacGGCCTGACATTGGTAACTTGGTTCAGGGGTTAGGGGgtcgtccc,0
169,pSRTN-14​_seed_0,gggacgacAGGGGGTAGGTTTGGGTGCCTAGGCATGTGGATAgtcgtccc,0
170,pSRTN-16​_seed_0,gggacgacTGGTATGCGCCAGGGGAATGGAGTTCTGCGTACGTGGgtcgtccc,0
171,pSRTN-19​_seed_0,gggacgacTGATAGGCTTCGAGGGCAGGGGCTTGGTGCCTCGTGGgtcgtccc,0
172,pSRTN-21​_seed_0,gggacgacAGTGACGGGGTGCTTACTTGGTTCAGGGGAGTCGCCgtcgtccc,0
173,pSRTN-24_seed_0,gggacgacGTGATGACCCTGTTTCTAAAACTCGGTATGCAGAATgtcgtccc,0
174,pSRTN-05​_seed_1,gggacgacAGGGGCAGGTATAGTCGAGGGTTTGGTGTGGGTAGTgtcgtccc,0
175,pSRTN-03_seed_1,gggacgacCGGTAGGGGATCCGCAGTGAGGGGTTTGTATAGGTGgtcgtccc,0
176,pSRTN-12​_seed_1,gggacgacTGGTAGACAACAGGAGAAGGAAGTTCTGCGTACGTGGgtcgtccc,0
177,pSRTN-07​_seed_1,gggacgacTCGTAGGCGTCAGGGGAAGGGAGTCCTGCGTACGTGGgtcgtccc,0
178,pSRTN-15​_seed_1,gggacgacGGAGGTGGTGTCTTGGACCGTGATATTCGAAGTTGCgtcgtccc,0
179,pSRTN-04​_seed_1,gggacgacGGCCTGACAGTGCTTACTGGGTTCAGGGGTTATGGGgtcgtccc,0
180,pSRTN-14​_seed_1,gggacgacAGGGGGTAGGTTTGGGTGCTTAGGCGTGTGGGCAgtcgtccc,0
181,pSRTN-16​_seed_1,gggacgacTGGTAGGCGCCGGGGGAAGGGAGATCTGCGTACGTCGgtcgtccc,0
182,pSRTN-19​_seed_1,gggacgacTGGTAGGCTTCAGGGGAAGGGGCATGGTGCCTCGTGGgtcgtccc,0
183,pSRTN-21​_seed_1,gggacgacTGAGACGGGGCGCTGACTTGGTTCAGGGGAGTCGACgtcgtccc,0
184,pSRTN-24_seed_1,gggacgacGTGATGACCCTGTTTCTCAAACGCGGAATCCTGAATgtcgtccc,0
185,pSRTN-05​_seed_2,gggacgacAGGTGTAGATATAGTCTAGGGTTCGGTGTGGGTAGTgtcgtccc,0
186,pSRTN-03_seed_2,gggacgacCAGTAGGGGATCCACAGTGAGGGGTTTGTATGAGTGgtcgtccc,0
187,pSRTN-12​_seed_2,gggacgacTGGTAGGCAACAGGGGAAGGCAGGTCTGCCTACGTGGgtcgtccc,0
188,pSRTN-07​_seed_2,gggacgacTCGTAGGCGTCTGGCTAAGGGAGTTCTGCGTACGTGGgtcgtccc,0
189,pSRTN-15​_seed_2,gggacgacGGAGGTGGTGTTTTGGACAGTGGTATGCTCAGTTGCgtcgtccc,0
190,pSRTN-04​_seed_2,gggacgacGGCCTGACAGCGCTTACTTGGTTCAGGGGTTAGGGGgtcgtccc,0
191,pSRTN-14​_seed_2,gggacgacAGGGGGTAGGTTTGGGTGCTTATGCATGTCGTCAgtcgtccc,0
192,pSRTN-16​_seed_2,gggacgacTGGTAGGCGCCAGGGGAAGTGAGTTCTGCGGACGTGGgtcgtccc,0
193,pSRTN-19​_seed_2,gggacgacTGGTAGGCTTCAGGGGAAGGGACCTGGTGCCTAGTGGgtcgtccc,0
194,pSRTN-21​_seed_2,gggacgacAGACACCGGGTGCTCACTTGGTTCAGGGGAGTCGACgtcgtccc,0
195,pSRTN-24_seed_2,gggacgacGTCTTGACCCTGTTTCTTAAACTAGGACTGCTGAATgtcgtccc,0
196,pSRTN-05​_seed_3,gggacgacAGGGGCAGATATAGTGTAGGGTTGGGTGTGGGTAATgtcgtccc,0
197,pSRTN-03_seed_3,gggacgacCAGTAGGGGATCCAGAGTGAGGGGTTTGTACGGGTGgtcgtccc,0
198,pSRTN-12​_seed_3,gggacgacTGGTAGGCAACAGGGGAAGGGAGTACTGCGTACCTGGgtcgtccc,0
199,pSRTN-07​_seed_3,gggacgacTGGTAGGCGTCAGGGGAGGGGAGTCCTGCGGACGTGGgtcgtccc,0
200,pSRTN-15​_seed_3,gggacgacGGTGGTCGGGTCTTGGACAGTGGGATTCGCAGTTGCgtcgtccc,0
201,pSRTN-04​_seed_3,gggacgacGGCCTGACAGTGCTTACTTTGTTCTGGGGTTACGGGgtcgtccc,0
202,pSRTN-14​_seed_3,gggacgacAAGGGGTAGGTTTGGGTCCTTAGGCATGTGGGTAgtcgtccc,0
203,pSRTN-16​_seed_3,gggacgacTGGTACGTGCCAGGGGAAGGGAGTTCTGCGGACGTGGgtcgtccc,0
204,pSRTN-19​_seed_3,gggacgacTAGTAGGCTTCAGGGGAAAGGGCTTGGAGCCTCGTGGgtcgtccc,0
205,pSRTN-21​_seed_3,gggacgacAGAGACGGGGTGCTTACTTGGATCAGGGGAGTAGACgtcgtccc,0
206,pSRTN-24_seed_3,gggacgacGTTATGGCCCTGCTTCTTAAACTCGGAATGCTGATTgtcgtccc,0
207,pSRTN-05​_seed_4,gggacgacAGGGGCAGATATAGTGTAGCGTTTGATGTGGGTAGTgtcgtccc,0
208,pSRTN-03_seed_4,gggacgacCCGCAGGGGATCCACAGTTAGGGGTTTGTATGGGTGgtcgtccc,0
209,pSRTN-12​_seed_4,gggacgacTCGTAGTCAACAGCGGTAGGGAGTTCTGCGTACGTGGgtcgtccc,0
210,pSRTN-07​_seed_4,gggacgacTGGTACGCGTCAGGGGAAGTGAGCTCTGCGTACGTGGgtcgtccc,0
211,pSRTN-15​_seed_4,gggacgacGGAGGTGGTGTCTTGTATAGTGGTATTCGCAGTTGCgtcgtccc,0
212,pSRTN-04​_seed_4,gggacgacGGCCTGACAGTGGTTACTTGGTTCAGGCGTTATGGGgtcgtccc,0
213,pSRTN-14​_seed_4,gggacgacAGTGGGTAGGTTTGAGGGCATAGGCATGTGGGTAgtcgtccc,0
214,pSRTN-16​_seed_4,gggacgacTGGTAGGCGCCAGGGGAAGGGGGTTCTGCGAACCCGGgtcgtccc,0
215,pSRTN-19​_seed_4,gggacgacTGGTAGGCTTCCTGGGATGGGGCTTGGTGCCTCGTGGgtcgtccc,0
216,pSRTN-21​_seed_4,gggacgacAGAAACCGGGTGCTTACTTGTTTCAGGGGAGTCGACgtcgtccc,0
217,pSRTN-24_seed_4,gggacgacGTGATGACCCTATTTCTTTAACTCGGAATACTGAATgtcgtccc,0
218,pSRTN-05​_seed_5,gggacgacACGGGCAGATATAGTCGAGGGTCTGGTGTGGGTAGTgtcgtccc,0
219,pSRTN-03_seed_5,gggacgacCAGTAGGGGATCCACAGTGAGGGATTTGTACGGGTGgtcgtccc,0
220,pSRTN-12​_seed_5,gggacgacTGGTAGGCAACCGGGGAAGGGAGTTCCGCGTACGTGGgtcgtccc,0
221,pSRTN-07​_seed_5,gggacgacCGGTAGGCCTCAGTGGAAGGGAGTTCTGCGTACGTGGgtcgtccc,0
222,pSRTN-15​_seed_5,gggacgacGGAGGTGGTGTCCTGGACAGCGGTATTCGCAGTTGCgtcgtccc,0
223,pSRTN-04​_seed_5,gggacgacGCCCTGACAGTGCTTACTTGGTTTAGAGGTTAGGGGgtcgtccc,0
224,pSRTN-14​_seed_5,gggacgacTGGGGGTAGGTTTGGGTGCTTTGGCATGTGGGTAgtcgtccc,0
225,pSRTN-16​_seed_5,gggacgacTGGGAGGCGCCAGGGGAAGGTAGTTCTGCGTACGTGGgtcgtccc,0
226,pSRTN-19​_seed_5,gggacgacTGGTAGGCTTCAGGGGAAGGGGCATGGTGCCTCGTAGgtcgtccc,0
227,pSRTN-21​_seed_5,gggacgacAGAGACGTGGTGTTTTCTTGGTTCAGGGGAGTCGACgtcgtccc,0
228,pSRTN-24_seed_5,gggacgacGTGATGGCCCTGTTTCTTCAACTAGGAATACTGAATgtcgtccc,0
229,pSRTN-05​_seed_6,gggacgacAGTGGAAGATATAGTCGAGGGTTTGGTGTGGCTAGTgtcgtccc,0
230,pSRTN-03_seed_6,gggacgacCGGTAGGGGATCCACAGAGACGGGTTTGTATCGGTGgtcgtccc,0
231,pSRTN-12​_seed_6,gggacgacTGGTATGCAACAGGGGAAGGGAGTTCTGCGTACGTTGgtcgtccc,0
232,pSRTN-07​_seed_6,gggacgacTGGTAGACGTCACGGGTAGGGAGTTCTGAGTACGTGGgtcgtccc,0
233,pSRTN-15​_seed_6,gggacgacGGAGGTGGTGTCCTGGACAGTGGAATTCGCATGTGCgtcgtccc,0
234,pSRTN-04​_seed_6,gggacgacGGCCTTATAGTGCTTACTTCGTACAGGGGTTAGGGGgtcgtccc,0
235,pSRTN-14​_seed_6,gggacgacAGGGGGTAGGTTCGCGTGCTTAGGCATGTGAGTAgtcgtccc,0
236,pSRTN-16​_seed_6,gggacgacTTGTAGGCGCTAGGGGAAGGGGGTTCTGCGTACGTGGgtcgtccc,0
237,pSRTN-19​_seed_6,gggacgacTGGAAGGCGTCAGGGGAACGGGCTTGGTGCCGCGTGGgtcgtccc,0
238,pSRTN-21​_seed_6,gggacgacAGAGAGGGGGTGCTTGCTTGGTTCTGGGAAGTCGACgtcgtccc,0
239,pSRTN-24_seed_6,gggacgacGTGATGACCCTGCTTCTAAAACTCGGGATGCTGAATgtcgtccc,0
240,pSRTN-05​_seed_7,gggacgacAGGAGCAGAAATAGTCTAGGATTTGTTGTGGGTAGTgtcgtccc,0
241,pSRTN-03_seed_7,gggacgacCAATACGGGATCCGCAGTGAGGGGTTTGTATGGGTGgtcgtccc,0
242,pSRTN-12​_seed_7,gggacgacTGGGAAGCAACAGGGGAAGGGAGTTCTACGTACGTCGgtcgtccc,0
243,pSRTN-07​_seed_7,gggacgacTGGCAGGCGTCAGGTGAAGGGAGTTCTGCGTACGTCGgtcgtccc,0
244,pSRTN-15​_seed_7,gggacgacGGAGGTGCTGTATTGGACATTGGTATTCGCAGTTACgtcgtccc,0
245,pSRTN-04​_seed_7,gggacgacGGCTGGACAGTGCGTACTTGGTTCAGGGGTTGGGGGgtcgtccc,0
246,pSRTN-14​_seed_7,gggacgacAGGGGGTAGGTGTGGTTGCATAGCCATGTGGGTAgtcgtccc,0
247,pSRTN-16​_seed_7,gggacgacTGGTTGGCGCCAGGGGAACGGAGTTCTGGGTACGTGGgtcgtccc,0
248,pSRTN-19​_seed_7,gggacgacTGTTAGGCTACAGGGGAAGGGGCTTGTTGCCTCGTGGgtcgtccc,0
249,pSRTN-21​_seed_7,gggacgacAGAGAAGGGGTGCTTACTTGGTTCAGGGGGGTCGACgtcgtccc,0
250,pSRTN-24_seed_7,gggacgacGTGATGACCCTGTTTCTTGTACTCTGAAAGCTGAATgtcgtccc,0
251,pSRTN-05​_seed_8,gggacgacAGGGGCAGCTATAGCCTAGGGTTAAGTGTGGGTAGTgtcgtccc,0
252,pSRTN-03_seed_8,gggacgacCAGTAGGGGATCCGCAGTGAGGGGTGTGTATGGGTGgtcgtccc,0
253,pSRTN-12​_seed_8,gggacgacTGGTAGGCAACACGGGAAGGGAGTAATGCGTGCGTGGgtcgtccc,0
254,pSRTN-07​_seed_8,gggacgacTGGTAGGCGTCAGGGGAGGGGAGTTCTGCGAACATGGgtcgtccc,0
255,pSRTN-15​_seed_8,gggacgacGGAGTTAGTGTCTTGGACAGTGGTCTTCGCAGTTGCgtcgtccc,0
256,pSRTN-04​_seed_8,gggacgacGGCCCGACACTGCGTACTTGGTTCAGGGGTTAGAGGgtcgtccc,0
257,pSRTN-14​_seed_8,gggacgacAGGGGGTAGGTTTGGGTGCTTAAGCATGCGGGTAgtcgtccc,0
258,pSRTN-16​_seed_8,gggacgacTGGTAGGCGCCAGGGGAAGGTACTTCTGCGTTCGCGGgtcgtccc,0
259,pSRTN-19​_seed_8,gggacgacTGGTAGGCTTCAGGGGAATGGGCTTGGTGCCTCCTGGgtcgtccc,0
260,pSRTN-21​_seed_8,gggacgacAGAGACGGGGTGCTTACGAGGGTCAGGGGAGTCGACgtcgtccc,0
261,pSRTN-24_seed_8,gggacgacGTGATGACCCTATTTCTTAAACTCGCCATGCTGAATgtcgtccc,0
262,pSRTN-05​_seed_9,gggacgacAGGGGCAGGTATAGTCTTGGGTTAGGTGTCGGTAGTgtcgtccc,0
263,pSRTN-03_seed_9,gggacgacCAGTACGGGATCCACAGTGAGGGGCTTGTATGGGTGgtcgtccc,0
264,pSRTN-12​_seed_9,gggacgacTGGGAGGAAACAGGGAAAGGGAGTTCTGCGTACGTGGgtcgtccc,0
265,pSRTN-07​_seed_9,gggacgacTGGTAGGCGTCAGTCGAAAGGAGTTCGGCGTACGTGGgtcgtccc,0
266,pSRTN-15​_seed_9,gggacgacGGAGGTGGTGTCGTGGAAAGTGGTATTCGCAGTTGCgtcgtccc,0
267,pSRTN-04​_seed_9,gggacgacGACCTGACAGTGCTTACTTGGTTCAGGGGTTGGGGGgtcgtccc,0
268,pSRTN-14​_seed_9,gggacgacAGGGGGTAGGTTCGGGTGCTTAGGCATGTGGGTAgtcgtccc,0
269,pSRTN-16​_seed_9,gggacgacTGGTCGGCGCCACGGGAAGGGAGTTCAGCGTACGGGGgtcgtccc,0
270,pSRTN-19​_seed_9,gggacgacTGTAAGGCTTCCGGGGAAGGGGCTTGGTGCCTCGTGGgtcgtccc,0
271,pSRTN-21​_seed_9,gggacgacAGAGACGGGGAGCTTTCTTGGTTCAAGGGAGTTGACgtcgtccc,0
272,pSRTN-24_seed_9,gggacgacGTGATGAGCCTGTGTCTTAAACTCGGAAAGCTGAATgtcgtccc,0
